-- MariaDB dump 10.19  Distrib 10.6.12-MariaDB, for Linux (x86_64)
--
-- Host: mysql.hostinger.ro    Database: u574849695_22
-- ------------------------------------------------------
-- Server version	10.6.12-MariaDB-cll-lve

/*!40101 SET @OLD_CHARACTER_SET_CLIENT=@@CHARACTER_SET_CLIENT */;
/*!40101 SET @OLD_CHARACTER_SET_RESULTS=@@CHARACTER_SET_RESULTS */;
/*!40101 SET @OLD_COLLATION_CONNECTION=@@COLLATION_CONNECTION */;
/*!40101 SET NAMES utf8mb4 */;
/*!40103 SET @OLD_TIME_ZONE=@@TIME_ZONE */;
/*!40103 SET TIME_ZONE='+00:00' */;
/*!40014 SET @OLD_UNIQUE_CHECKS=@@UNIQUE_CHECKS, UNIQUE_CHECKS=0 */;
/*!40014 SET @OLD_FOREIGN_KEY_CHECKS=@@FOREIGN_KEY_CHECKS, FOREIGN_KEY_CHECKS=0 */;
/*!40101 SET @OLD_SQL_MODE=@@SQL_MODE, SQL_MODE='NO_AUTO_VALUE_ON_ZERO' */;
/*!40111 SET @OLD_SQL_NOTES=@@SQL_NOTES, SQL_NOTES=0 */;

--
-- Table structure for table `Aeronave`
--

DROP TABLE IF EXISTS `Aeronave`;
/*!40101 SET @saved_cs_client     = @@character_set_client */;
/*!40101 SET character_set_client = utf8 */;
CREATE TABLE `Aeronave` (
  `AeronaveID` int(11) NOT NULL AUTO_INCREMENT,
  `NumDeAssentos` int(11) DEFAULT NULL,
  `NumCauda` varchar(15) DEFAULT NULL,
  `Modelo` varchar(30) NOT NULL,
  `Fabricante` varchar(40) NOT NULL,
  `urlImagem` text DEFAULT NULL,
  PRIMARY KEY (`AeronaveID`)
) ENGINE=InnoDB AUTO_INCREMENT=11 DEFAULT CHARSET=utf8mb4 COLLATE=utf8mb4_unicode_ci;
/*!40101 SET character_set_client = @saved_cs_client */;

--
-- Dumping data for table `Aeronave`
--

LOCK TABLES `Aeronave` WRITE;
/*!40000 ALTER TABLE `Aeronave` DISABLE KEYS */;
INSERT INTO `Aeronave` VALUES (1,358,'b','Diverse national framework','Carter Inc','https://loremflickr.com/640/480/'),(2,336,'a','Digitized systemic throughput','Johnston, Kuhic and Cruickshank','https://loremflickr.com/640/480/'),(3,977,'a','Down-sized modular challenge','Lehner-Rippin','https://loremflickr.com/640/480/'),(4,641,'b','Horizontal disintermediate fun','Mueller-Effertz','https://loremflickr.com/640/480/'),(5,430,'b','Team-oriented zeroadministrati','Mills, Hilll and Ziemann','https://loremflickr.com/640/480/'),(6,770,'b','Vision-oriented didactic extra','Stehr-Lind','https://loremflickr.com/640/480/'),(7,921,'b','Decentralized fresh-thinking e','Smith, Dickens and Hermann','https://loremflickr.com/640/480/'),(8,904,'a','Multi-layered optimizing frame','Mraz Group','https://loremflickr.com/640/480/'),(9,180,'c','Cross-group interactive infras','Zboncak Inc','https://loremflickr.com/640/480/'),(10,471,'b','Operative demand-driven contin','Rippin, McLaughlin and Rowe','https://loremflickr.com/640/480/');
/*!40000 ALTER TABLE `Aeronave` ENABLE KEYS */;
UNLOCK TABLES;

--
-- Table structure for table `Aeroporto`
--

DROP TABLE IF EXISTS `Aeroporto`;
/*!40101 SET @saved_cs_client     = @@character_set_client */;
/*!40101 SET character_set_client = utf8 */;
CREATE TABLE `Aeroporto` (
  `Codigo` varchar(10) NOT NULL,
  `Descricao` text DEFAULT NULL,
  `Localizacao` int(11) DEFAULT NULL,
  `urlImagem` text DEFAULT NULL,
  PRIMARY KEY (`Codigo`),
  KEY `Localizacao` (`Localizacao`),
  CONSTRAINT `Aeroporto_ibfk_1` FOREIGN KEY (`Localizacao`) REFERENCES `Localidade` (`LocalID`)
) ENGINE=InnoDB DEFAULT CHARSET=utf8mb4 COLLATE=utf8mb4_unicode_ci;
/*!40101 SET character_set_client = @saved_cs_client */;

--
-- Dumping data for table `Aeroporto`
--

LOCK TABLES `Aeroporto` WRITE;
/*!40000 ALTER TABLE `Aeroporto` DISABLE KEYS */;
INSERT INTO `Aeroporto` VALUES ('afhz','This was not easy to know your history, she do.\' \'I\'ll tell it her,\' said the King, and the little door: but, alas! the little door: but, alas! the little door: but, alas! the little crocodile.',90,'https://loremflickr.com/640/480/'),('aupm','Lobster Quadrille?\' the Gryphon remarked: \'because they lessen from day to such stuff? Be off, or I\'ll kick you down stairs!\' \'That is not said right,\' said the March Hare. Alice sighed wearily. \'I.',52,'https://loremflickr.com/640/480/'),('axns','Alice in a low voice, \'Your Majesty must cross-examine THIS witness.\' \'Well, if I can kick a little!\' She drew her foot slipped, and in a great hurry, muttering to himself as he came, \'Oh! the.',92,'https://loremflickr.com/640/480/'),('biuw','SIT down,\' the King eagerly, and he hurried off. Alice thought over all she could do to hold it. As soon as she added, to herself, \'because of his shrill little voice, the name \'Alice!\' CHAPTER XII..',70,'https://loremflickr.com/640/480/'),('bjsr','I--\' \'Oh, don\'t bother ME,\' said Alice aloud, addressing nobody in particular. \'She\'d soon fetch it here, lad!--Here, put \'em up at the sides of the ground.\' So she began: \'O Mouse, do you know the.',75,'https://loremflickr.com/640/480/'),('bsaj','Jack-in-the-box, and up I goes like a candle. I wonder what they\'ll do well enough; don\'t be nervous, or I\'ll have you executed, whether you\'re a little now and then, if I might venture to go on for.',52,'https://loremflickr.com/640/480/'),('bsht','Alice, \'when one wasn\'t always growing larger and smaller, and being so many lessons to learn! No, I\'ve made up my mind about it; if I\'m not Ada,\' she said, \'for her hair goes in such confusion that.',98,'https://loremflickr.com/640/480/'),('btms','Alice, who felt ready to sink into the Dormouse\'s place, and Alice guessed in a few yards off. The Cat only grinned a little scream, half of anger, and tried to get in?\' she repeated, aloud. \'I.',76,'https://loremflickr.com/640/480/'),('ceht','I think it was,\' the March Hare was said to herself, \'I don\'t believe you do lessons?\' said Alice, a good deal frightened by this time). \'Don\'t grunt,\' said Alice; \'that\'s not at all like the look.',46,'https://loremflickr.com/640/480/'),('cmqv','Lizard, Bill, was in such long curly brown hair! And it\'ll fetch things when you throw them, and was surprised to see how he can EVEN finish, if he were trying which word sounded best. Some of the.',74,'https://loremflickr.com/640/480/'),('dobm','King very decidedly, and he poured a little shriek and a long and a scroll of parchment in the middle, nursing a baby; the cook tulip-roots instead of the gloves, and was immediately suppressed by.',22,'https://loremflickr.com/640/480/'),('dsnj','Alice, (she had grown to her chin in salt water. Her first idea was that she let the jury--\' \'If any one left alive!\' She was walking by the soldiers, who of course was, how to set them free,.',35,'https://loremflickr.com/640/480/'),('ewez','But her sister was reading, but it puzzled her a good opportunity for croqueting one of them at last, and managed to put it in with the bones and the other side of the Lizard\'s slate-pencil, and the.',73,'https://loremflickr.com/640/480/'),('fomu','Alice; not that she tipped over the wig, (look at the end of the Rabbit\'s voice along--\'Catch him, you by the way, and nothing seems to grin, How neatly spread his claws, And welcome little fishes.',6,'https://loremflickr.com/640/480/'),('fybt','Alice; \'I can\'t help that,\' said the Hatter, it woke up again with a sigh: \'it\'s always tea-time, and we\'ve no time to see what the moral of that is--\"Be what you like,\' said the Duchess. \'I make.',52,'https://loremflickr.com/640/480/'),('gpog','Alice, in a melancholy tone. \'Nobody seems to grin, How neatly spread his claws, And welcome little fishes in With gently smiling jaws!\' \'I\'m sure I\'m not particular as to prevent its undoing.',43,'https://loremflickr.com/640/480/'),('gtky','Queen! The Queen!\' and the second verse of the March Hare. The Hatter looked at Alice. \'I\'M not a VERY turn-up nose, much more like a Jack-in-the-box, and up I goes like a wild beast, screamed \'Off.',68,'https://loremflickr.com/640/480/'),('gyok','Mouse did not appear, and after a few minutes that she had grown so large a house, that she began nursing her child again, singing a sort of meaning in it,\' said Alice in a very little use without.',33,'https://loremflickr.com/640/480/'),('hdtq','Why, there\'s hardly enough of me left to make ONE respectable person!\' Soon her eye fell on a branch of a muchness\"--did you ever see such a puzzled expression that she was quite pleased to have.',78,'https://loremflickr.com/640/480/'),('hmgr','What WILL become of me?\' Luckily for Alice, the little door: but, alas! the little golden key and hurried upstairs, in great disgust, and walked two and two, as the game began. Alice gave a little.',4,'https://loremflickr.com/640/480/'),('ibrl','ALL RETURNED FROM HIM TO YOU,\"\' said Alice. \'Anything you like,\' said the Queen, who was trembling down to her chin upon Alice\'s shoulder, and it was the BEST butter,\' the March Hare will be When.',75,'https://loremflickr.com/640/480/'),('ijss','I was a real nose; also its eyes were nearly out of sight, they were trying which word sounded best. Some of the sort. Next came the royal children, and everybody laughed, \'Let the jury consider.',8,'https://loremflickr.com/640/480/'),('ijut','The moment Alice appeared, she was near enough to drive one crazy!\' The Footman seemed to be a letter, written by the end of trials, \"There was some attempts at applause, which was the Duchess\'s.',28,'https://loremflickr.com/640/480/'),('inxd','Alice sharply, for she had made her feel very uneasy: to be sure, this generally happens when you throw them, and then sat upon it.) \'I\'m glad they don\'t seem to be\"--or if you\'d like it very nice,.',71,'https://loremflickr.com/640/480/'),('iozf','SAID was, \'Why is a long argument with the words a little, \'From the Queen. \'It proves nothing of the house till she was as long as I was a little hot tea upon its forehead (the position in which.',85,'https://loremflickr.com/640/480/'),('ipcz','Mock Turtle, \'Drive on, old fellow! Don\'t be all day about it!\' Last came a little door about fifteen inches high: she tried another question. \'What sort of way, \'Do cats eat bats? Do cats eat bats?.',38,'https://loremflickr.com/640/480/'),('isrg','Alice quite jumped; but she gained courage as she did not like the three gardeners instantly jumped up, and there they lay sprawling about, reminding her very earnestly, \'Now, Dinah, tell me your.',30,'https://loremflickr.com/640/480/'),('jpee','WILL do next! As for pulling me out of the goldfish kept running in her life; it was just in time to avoid shrinking away altogether. \'That WAS a narrow escape!\' said Alice, who always took a minute.',58,'https://loremflickr.com/640/480/'),('jvah','THESE?\' said the Dormouse: \'not in that poky little house, on the trumpet, and then hurried on, Alice started to her usual height. It was as much as serpents do, you know.\' \'Not the same as they all.',6,'https://loremflickr.com/640/480/'),('kabp','Cat, \'or you wouldn\'t keep appearing and vanishing so suddenly: you make one quite giddy.\' \'All right,\' said the Mock Turtle. \'Very much indeed,\' said Alice. \'Anything you like,\' said the King.',85,'https://loremflickr.com/640/480/'),('kamt','However, \'jury-men\' would have this cat removed!\' The Queen turned angrily away from him, and said nothing. \'When we were little,\' the Mock Turtle. \'Very much indeed,\' said Alice. \'I mean what I.',43,'https://loremflickr.com/640/480/'),('kcze','I don\'t know much,\' said Alice; \'it\'s laid for a few minutes that she could do to ask: perhaps I shall think nothing of the bread-and-butter. Just at this corner--No, tie \'em together first--they.',18,'https://loremflickr.com/640/480/'),('kida','SAID was, \'Why is a very long silence, broken only by an occasional exclamation of \'Hjckrrh!\' from the roof. There were doors all round her once more, while the rest waited in silence. Alice noticed.',25,'https://loremflickr.com/640/480/'),('klrh','Alice indignantly. \'Let me alone!\' \'Serpent, I say again!\' repeated the Pigeon, but in a natural way. \'I thought you did,\' said the Caterpillar; and it was as steady as ever; Yet you balanced an eel.',47,'https://loremflickr.com/640/480/'),('kqbv','Dormouse, after thinking a minute or two, and the Dormouse go on in a mournful tone, \'he won\'t do a thing before, and behind it, it occurred to her full size by this time, and was in a low voice, to.',34,'https://loremflickr.com/640/480/'),('kqhl','Last came a little before she gave her one, they gave him two, You gave us three or more; They all made of solid glass; there was a little way out of the Lobster; I heard him declare, \"You have.',51,'https://loremflickr.com/640/480/'),('laiw','Alice for some time after the birds! Why, she\'ll eat a bat?\' when suddenly, thump! thump! down she came upon a little of the Queen say only yesterday you deserved to be a walrus or hippopotamus, but.',12,'https://loremflickr.com/640/480/'),('lhls','Time as well go back, and barking hoarsely all the rats and--oh dear!\' cried Alice, with a sigh. \'I only took the cauldron of soup off the cake. * * * * * * * * * * * * * * * * * * * * * * * * * * *.',85,'https://loremflickr.com/640/480/'),('lkqq','Alice. \'But you\'re so easily offended!\' \'You\'ll get used to it in less than no time to be treated with respect. \'Cheshire Puss,\' she began, rather timidly, saying to herself as she did so, very.',12,'https://loremflickr.com/640/480/'),('lusu','If they had any dispute with the clock. For instance, if you want to stay with it as you might catch a bat, and that\'s all you know why it\'s called a whiting?\' \'I never heard of one,\' said Alice..',54,'https://loremflickr.com/640/480/'),('lwwi','After these came the guests, mostly Kings and Queens, and among them Alice recognised the White Rabbit, with a little before she got used to know. Let me see: four times five is twelve, and four.',100,'https://loremflickr.com/640/480/'),('lynd','I\'ll never go THERE again!\' said Alice thoughtfully: \'but then--I shouldn\'t be hungry for it, she found it so quickly that the meeting adjourn, for the fan and a fall, and a fall, and a large plate.',28,'https://loremflickr.com/640/480/'),('lzpj','The great question certainly was, what? Alice looked all round the hall, but they were filled with cupboards and book-shelves; here and there was Mystery,\' the Mock Turtle sang this, very slowly and.',41,'https://loremflickr.com/640/480/'),('mgtp','Pigeon in a great hurry; \'this paper has just been reading about; and when she heard it say to itself \'Then I\'ll go round a deal too far off to other parts of the day; and this was his first speech..',52,'https://loremflickr.com/640/480/'),('mhax','Duchess was sitting next to her. \'I can tell you my history, and you\'ll understand why it is you hate--C and D,\' she added aloud. \'Do you mean by that?\' said the King: \'however, it may kiss my hand.',76,'https://loremflickr.com/640/480/'),('mqpr','Hatter: and in another moment, when she had sat down and looked at Two. Two began in a pleased tone. \'Pray don\'t trouble yourself to say \'creatures,\' you see, Alice had no idea what to beautify is,.',78,'https://loremflickr.com/640/480/'),('mvnt','It was so large a house, that she was walking hand in hand with Dinah, and saying to herself \'Suppose it should be free of them even when they passed too close, and waving their forepaws to mark the.',92,'https://loremflickr.com/640/480/'),('nlqf','CAN I have done just as well as pigs, and was surprised to find that she ran off at once: one old Magpie began wrapping itself up and picking the daisies, when suddenly a White Rabbit blew three.',50,'https://loremflickr.com/640/480/'),('nnpx','Rabbit\'s--\'Pat! Pat! Where are you?\' And then a great hurry. \'You did!\' said the Mock Turtle, capering wildly about. \'Change lobsters again!\' yelled the Gryphon hastily. \'Go on with the Duchess, it.',72,'https://loremflickr.com/640/480/'),('nrpy','Dodo solemnly presented the thimble, saying \'We beg your pardon!\' she exclaimed in a low, weak voice. \'Now, I give it up,\' Alice replied: \'what\'s the answer?\' \'I haven\'t opened it yet,\' said the.',89,'https://loremflickr.com/640/480/'),('nsjw','It was opened by another footman in livery came running out of court! Suppress him! Pinch him! Off with his head!\' or \'Off with her head struck against the ceiling, and had to run back into the.',57,'https://loremflickr.com/640/480/'),('nsrf','Mock Turtle. So she sat down again very sadly and quietly, and looked at poor Alice, who was a very humble tone, going down on one of its little eyes, but it just missed her. Alice caught the baby.',43,'https://loremflickr.com/640/480/'),('nwnk','ALL RETURNED FROM HIM TO YOU,\"\' said Alice. \'Of course not,\' said the Duchess, it had come back with the Queen, who were lying on their faces, and the other guinea-pig cheered, and was suppressed..',8,'https://loremflickr.com/640/480/'),('nwtz','Her chin was pressed hard against it, that attempt proved a failure. Alice heard the Rabbit coming to look at a reasonable pace,\' said the Caterpillar; and it set to work throwing everything within.',5,'https://loremflickr.com/640/480/'),('nzjq','And Alice was very deep, or she fell very slowly, for she had read several nice little dog near our house I should think!\' (Dinah was the BEST butter,\' the March Hare and the Hatter asked.',13,'https://loremflickr.com/640/480/'),('ofnf','Queen left off, quite out of a muchness?\' \'Really, now you ask me,\' said Alice, \'how am I then? Tell me that first, and then, and holding it to make out exactly what they said. The executioner\'s.',21,'https://loremflickr.com/640/480/'),('ordr','I\'ll have you executed.\' The miserable Hatter dropped his teacup instead of onions.\' Seven flung down his brush, and had just begun \'Well, of all the time at the righthand bit again, and Alice.',56,'https://loremflickr.com/640/480/'),('ovos','They all returned from him to you, Though they were all crowded together at one and then the other, trying every door, she found this a very short time the Queen said--\' \'Get to your places!\'.',75,'https://loremflickr.com/640/480/'),('owgx','Oh, my dear paws! Oh my dear paws! Oh my dear Dinah! I wonder if I would talk on such a dear little puppy it was!\' said Alice, and tried to beat time when I was a large canvas bag, which tied up at.',48,'https://loremflickr.com/640/480/'),('owoc','I dare say you never had fits, my dear, YOU must cross-examine THIS witness.\' \'Well, if I was, I shouldn\'t like THAT!\' \'Oh, you foolish Alice!\' she answered herself. \'How can you learn lessons in.',78,'https://loremflickr.com/640/480/'),('plfc','I suppose Dinah\'ll be sending me on messages next!\' And she opened it, and behind it when she was getting very sleepy; \'and they drew all manner of things--everything that begins with an important.',20,'https://loremflickr.com/640/480/'),('pqgo','THAT. Then again--\"BEFORE SHE HAD THIS FIT--\" you never had to leave off this minute!\' She generally gave herself very good advice, (though she very good-naturedly began hunting about for it, he was.',64,'https://loremflickr.com/640/480/'),('qbbe','Alice started to her lips. \'I know SOMETHING interesting is sure to kill it in her life, and had been broken to pieces. \'Please, then,\' said the Mock Turtle, capering wildly about. \'Change lobsters.',18,'https://loremflickr.com/640/480/'),('qtup','Indeed, she had never left off sneezing by this time, sat down a jar from one end of the words don\'t FIT you,\' said Alice, swallowing down her flamingo, and began by producing from under his arm a.',93,'https://loremflickr.com/640/480/'),('rean','I BEG your pardon!\' cried Alice again, for really I\'m quite tired and out of the month is it?\' The Gryphon sat up and bawled out, \"He\'s murdering the time! Off with his nose, you know?\' \'It\'s the.',87,'https://loremflickr.com/640/480/'),('rnic','Alice. \'Why, SHE,\' said the Queen, turning purple. \'I won\'t!\' said Alice. \'Of course not,\' Alice replied thoughtfully. \'They have their tails in their mouths. So they couldn\'t get them out again..',21,'https://loremflickr.com/640/480/'),('rphd','Has lasted the rest of it in a deep sigh, \'I was a large ring, with the time,\' she said to the Mock Turtle. \'She can\'t explain MYSELF, I\'m afraid, but you might like to see you any more!\' And here.',5,'https://loremflickr.com/640/480/'),('rrwg','I hadn\'t begun my tea--not above a week or so--and what with the bread-knife.\' The March Hare moved into the way to hear the rattle of the ground--and I should be free of them at last, and managed.',58,'https://loremflickr.com/640/480/'),('rwhh','Queen, who was a queer-shaped little creature, and held out its arms and frowning at the March Hare, \'that \"I breathe when I was sent for.\' \'You ought to be rude, so she went on, without attending.',57,'https://loremflickr.com/640/480/'),('rwxp','Mouse had changed his mind, and was going to leave the court; but on second thoughts she decided to remain where she was considering in her life, and had just upset the milk-jug into his plate..',44,'https://loremflickr.com/640/480/'),('scml','A bright idea came into her face. \'Wake up, Alice dear!\' said her sister; \'Why, what a Gryphon is, look at it!\' This speech caused a remarkable sensation among the people that walk with their.',3,'https://loremflickr.com/640/480/'),('svmz','THIS!\' (Sounds of more broken glass.) \'Now tell me, please, which way she put her hand on the table. \'Have some wine,\' the March Hare interrupted in a tone of great relief. \'Now at OURS they had.',16,'https://loremflickr.com/640/480/'),('telg','Why, there\'s hardly enough of me left to make out what it might end, you know,\' the Mock Turtle said: \'I\'m too stiff. And the executioner myself,\' said the youth, \'and your jaws are too weak For.',92,'https://loremflickr.com/640/480/'),('tfqf','They had not attended to this mouse? Everything is so out-of-the-way down here, and I\'m sure she\'s the best thing to nurse--and she\'s such a pleasant temper, and thought it must make me giddy.\' And.',54,'https://loremflickr.com/640/480/'),('tlcz','I suppose.\' So she began: \'O Mouse, do you know why it\'s called a whiting?\' \'I never thought about it,\' said the Dormouse, and repeated her question. \'Why did they draw the treacle from?\' \'You can.',68,'https://loremflickr.com/640/480/'),('tmvr','Alice, and she at once took up the conversation a little. \'\'Tis so,\' said the Queen. An invitation for the immediate adoption of more broken glass.) \'Now tell me, please, which way it was perfectly.',19,'https://loremflickr.com/640/480/'),('tygy','And I declare it\'s too bad, that it was impossible to say when I was a little three-legged table, all made a rush at the stick, and held it out to her in a confused way, \'Prizes! Prizes!\' Alice had.',31,'https://loremflickr.com/640/480/'),('ufjx','BEST butter, you know.\' It was, no doubt: only Alice did not seem to dry me at home! Why, I do wonder what Latitude or Longitude I\'ve got to go with the words have got altered.\' \'It is wrong from.',46,'https://loremflickr.com/640/480/'),('utne','Dinah: I think I may as well as I used--and I don\'t know what \"it\" means.\' \'I know SOMETHING interesting is sure to kill it in large letters. It was so long that they couldn\'t get them out of the.',29,'https://loremflickr.com/640/480/'),('veqd','Mock Turtle said with a little house in it about four feet high. \'Whoever lives there,\' thought Alice, \'or perhaps they won\'t walk the way to fly up into hers--she could hear him sighing as if.',80,'https://loremflickr.com/640/480/'),('vgfu','I don\'t know what to uglify is, you know. Which shall sing?\' \'Oh, YOU sing,\' said the Cat, \'if you don\'t like them raw.\' \'Well, be off, and Alice was beginning to end,\' said the Caterpillar. Alice.',89,'https://loremflickr.com/640/480/'),('viql','Majesty,\' the Hatter was out of sight before the end of his head. But at any rate, the Dormouse denied nothing, being fast asleep. \'After that,\' continued the Pigeon, raising its voice to its feet,.',23,'https://loremflickr.com/640/480/'),('vleu','Gryphon. \'We can do no more, whatever happens. What WILL become of you? I gave her one, they gave him two, You gave us three or more; They all made of solid glass; there was no \'One, two, three, and.',42,'https://loremflickr.com/640/480/'),('vntu','Alice again. \'No, I give you fair warning,\' shouted the Queen. \'Their heads are gone, if it makes me grow larger, I can say.\' This was quite surprised to find my way into that lovely garden. I think.',29,'https://loremflickr.com/640/480/'),('vqch','Duchess replied, in a soothing tone: \'don\'t be angry about it. And yet I don\'t believe you do lessons?\' said Alice, (she had grown up,\' she said to herself how she was dozing off, and that in about.',94,'https://loremflickr.com/640/480/'),('vvou','Pat, what\'s that in some book, but I grow at a king,\' said Alice. \'Anything you like,\' said the Hatter were having tea at it: a Dormouse was sitting on a crimson velvet cushion; and, last of all the.',100,'https://loremflickr.com/640/480/'),('wkcf','Lobster Quadrille The Mock Turtle\'s heavy sobs. Lastly, she pictured to herself how she would manage it. \'They were obliged to have lessons to learn! No, I\'ve made up my mind about it; and while she.',23,'https://loremflickr.com/640/480/'),('xsee','Rabbit coming to look at all the children she knew she had wept when she looked down at once, and ran till she had not the right house, because the chimneys were shaped like the right house, because.',22,'https://loremflickr.com/640/480/'),('xutp','So she began nursing her child again, singing a sort of a large cat which was a little quicker. \'What a number of cucumber-frames there must be!\' thought Alice. The poor little juror (it was exactly.',31,'https://loremflickr.com/640/480/'),('xzsk','Alice guessed in a hurry. \'No, I\'ll look first,\' she said, \'for her hair goes in such confusion that she began thinking over all she could not be denied, so she felt a little hot tea upon its nose..',46,'https://loremflickr.com/640/480/'),('yliz','I\'m mad?\' said Alice. \'Oh, don\'t bother ME,\' said the King, \'that only makes the matter with it. There could be NO mistake about it: it was as much as she had a VERY turn-up nose, much more like a.',50,'https://loremflickr.com/640/480/'),('yovf','Beautiful, beautiful Soup!\' CHAPTER XI. Who Stole the Tarts? The King laid his hand upon her face. \'Very,\' said Alice: \'--where\'s the Duchess?\' \'Hush! Hush!\' said the King. The White Rabbit blew.',11,'https://loremflickr.com/640/480/'),('ypiz','She felt very glad to find that she began shrinking directly. As soon as look at all like the right distance--but then I wonder what they said. The executioner\'s argument was, that she had got to.',58,'https://loremflickr.com/640/480/'),('yyop','Seven flung down his brush, and had just upset the milk-jug into his cup of tea, and looked at the Lizard in head downwards, and the game was going on, as she added, \'and the moral of THAT is--\"Take.',3,'https://loremflickr.com/640/480/'),('zatk','Alice, quite forgetting her promise. \'Treacle,\' said the King, going up to the baby, it was only sobbing,\' she thought, \'it\'s sure to happen,\' she said to herself how this same little sister of hers.',6,'https://loremflickr.com/640/480/'),('zehm','I ought to have him with them,\' the Mock Turtle, suddenly dropping his voice; and Alice called after it; and as the hall was very likely it can be,\' said the Hatter. \'I deny it!\' said the Duchess;.',28,'https://loremflickr.com/640/480/'),('zeka','SAID was, \'Why is a long hookah, and taking not the right size, that it was quite surprised to find that the pebbles were all writing very busily on slates. \'What are they made of?\' Alice asked in a.',29,'https://loremflickr.com/640/480/'),('zgqd','March Hare: she thought it would,\' said the King. On this the White Rabbit, who was reading the list of singers. \'You may go,\' said the Caterpillar. \'Well, perhaps your feelings may be different,\'.',50,'https://loremflickr.com/640/480/'),('zimy','Do you think I could, if I must, I must,\' the King said to Alice, they all spoke at once, she found to be listening, so she set off at once: one old Magpie began wrapping itself up very sulkily and.',94,'https://loremflickr.com/640/480/'),('zzkm','And then, turning to the end of his pocket, and pulled out a new kind of thing never happened, and now here I am in the sea, some children digging in the distance. \'And yet what a Mock Turtle.',55,'https://loremflickr.com/640/480/');
/*!40000 ALTER TABLE `Aeroporto` ENABLE KEYS */;
UNLOCK TABLES;

--
-- Table structure for table `Embarcam`
--

DROP TABLE IF EXISTS `Embarcam`;
/*!40101 SET @saved_cs_client     = @@character_set_client */;
/*!40101 SET character_set_client = utf8 */;
CREATE TABLE `Embarcam` (
  `fk_Voo` int(11) NOT NULL,
  `fk_Pessoa` int(11) NOT NULL,
  KEY `fk_Voo` (`fk_Voo`),
  KEY `fk_Pessoa` (`fk_Pessoa`),
  CONSTRAINT `Embarcam_ibfk_1` FOREIGN KEY (`fk_Voo`) REFERENCES `Voo` (`VooID`) ON DELETE CASCADE,
  CONSTRAINT `Embarcam_ibfk_2` FOREIGN KEY (`fk_Pessoa`) REFERENCES `Pessoa` (`PessoaID`) ON DELETE CASCADE
) ENGINE=InnoDB DEFAULT CHARSET=utf8mb4 COLLATE=utf8mb4_unicode_ci;
/*!40101 SET character_set_client = @saved_cs_client */;

--
-- Dumping data for table `Embarcam`
--

LOCK TABLES `Embarcam` WRITE;
/*!40000 ALTER TABLE `Embarcam` DISABLE KEYS */;
INSERT INTO `Embarcam` VALUES (142,73),(65,79),(4,137),(156,142),(149,131),(68,1),(111,28),(35,52),(99,35),(128,102),(144,150),(160,55),(159,36),(82,64),(143,34),(107,58),(10,136),(89,79),(189,120),(148,91),(50,111),(134,23),(144,83),(184,39),(85,122),(165,145),(119,138),(185,34),(139,69),(114,86),(27,146),(136,49),(118,68),(6,30),(81,75),(190,132),(18,117),(72,36),(65,127),(38,107),(89,146),(143,122),(169,35),(152,50),(44,99),(33,23),(81,99),(142,34),(165,119),(188,115),(93,82),(118,34),(149,4),(72,95),(197,56),(171,138),(48,26),(151,139),(6,76),(117,76),(84,14),(72,121),(113,34),(136,18),(79,71),(150,148),(197,25),(127,139),(186,38),(61,31),(53,15),(168,44),(109,79),(44,143),(102,128),(35,87),(154,46),(134,95),(142,81),(68,93),(63,61),(79,148),(17,49),(151,126),(42,114),(109,16),(14,73),(187,102),(2,62),(187,65),(40,37),(128,6),(68,85),(170,51),(20,97),(60,4),(139,38),(180,21),(56,74),(103,45),(131,25),(114,43),(83,84),(129,104),(2,127),(50,38),(85,8),(133,80),(55,59),(197,9),(111,136),(195,27),(22,128),(116,43),(5,48),(179,40),(50,13),(39,33),(99,11),(124,44),(149,95),(14,98),(48,70),(83,96),(180,58),(196,100),(62,15),(18,147),(18,92),(71,95),(171,18),(12,73),(18,12),(71,39),(131,9),(182,19),(26,36),(15,145),(107,116),(12,14),(100,150),(13,14),(93,3),(136,148),(145,41),(67,124),(103,121),(196,27),(129,75),(36,70),(130,121),(53,52),(82,66),(22,32),(26,132),(91,110),(80,41),(15,136),(197,114),(178,112),(75,76),(20,40),(21,118),(87,89),(58,127),(137,15),(180,97),(186,90),(142,75),(31,142),(163,143),(200,115),(92,78),(73,147),(12,141),(25,105),(146,40),(83,17),(116,124),(53,21),(81,78),(33,40),(79,51),(54,139),(71,137),(122,143),(35,98),(172,44),(70,19),(179,38),(119,79),(120,123),(168,140),(40,44),(73,10),(170,83),(198,116),(57,61),(65,87),(181,130),(2,106),(121,121),(158,61),(32,98),(41,27),(68,101),(184,20),(171,129),(169,121),(147,123),(124,8),(88,67),(78,111),(26,6),(42,146),(167,60),(96,30),(20,58),(189,121),(30,73),(168,34),(18,115),(94,59),(160,110),(19,68),(185,53),(199,65),(167,69),(72,146),(136,114),(130,7),(176,76),(136,46),(80,131),(181,38),(136,96),(114,39),(34,22),(133,51),(47,150),(132,57),(114,5),(127,43),(70,17),(66,13),(105,122),(140,96),(38,74),(99,57),(12,64),(38,125),(47,64),(76,76),(148,3),(36,120),(44,112),(32,10),(23,89),(132,66),(146,25),(183,88),(188,96),(15,148),(148,125),(90,20),(162,130),(85,73),(88,116),(136,36),(10,129),(105,102),(63,36),(104,94),(4,59),(191,126),(163,128),(55,66),(77,41),(66,19),(97,137),(153,141),(183,45),(39,140),(89,117),(74,80),(91,94),(161,25),(99,128),(29,73),(149,148),(29,44),(63,131),(32,94),(15,17),(145,139),(36,12),(191,73),(91,44),(35,6),(12,140),(199,53),(66,47),(17,62),(129,69),(138,78),(99,22),(20,96),(68,57),(56,113),(189,27),(124,103),(47,52),(128,110),(101,106),(132,93),(49,57),(175,122),(143,138),(153,68),(50,35),(116,70),(39,39),(184,112),(145,130),(39,99),(22,12),(3,74),(198,45),(189,139),(48,91),(185,119),(72,140),(32,115),(172,150),(70,57),(169,124),(107,134),(17,145),(63,75),(16,72),(71,20),(116,55),(69,91),(13,1),(3,82),(7,23),(194,19),(20,121),(126,150),(155,20),(163,124),(40,83),(37,9),(48,77),(9,121),(36,112),(19,69),(27,138),(184,8),(108,104),(100,33),(33,56),(104,52),(46,11),(176,55),(58,80),(70,139),(194,79),(112,27),(50,33),(36,125),(45,12),(73,16),(50,9),(162,63),(118,26),(3,2),(24,62),(30,100),(136,2),(34,49),(112,12),(132,127),(107,52),(94,42),(87,5),(99,130),(30,41),(158,49),(157,98),(71,69),(159,136),(113,3),(66,51),(146,102),(64,88),(76,78),(172,41),(120,60),(169,107),(175,105),(143,135),(95,106),(187,136),(100,148),(26,98),(12,31),(173,136),(103,128),(120,12),(10,116),(125,60),(134,97),(119,134),(84,57),(59,69),(174,17),(23,113),(11,69),(90,95),(21,43),(186,52),(34,118),(169,143),(1,16),(160,78),(54,65),(189,92),(167,136),(94,80),(135,93),(183,132),(71,27),(72,21),(18,90),(109,15),(129,67),(184,94),(8,3),(51,6),(192,31),(189,142),(186,80),(94,26),(51,55),(52,17),(173,55),(24,60),(72,10),(56,28),(87,117),(61,55),(108,31),(64,6),(18,115),(80,20),(199,11),(23,95),(109,8),(129,116),(153,3),(39,99),(14,5),(2,39),(104,57),(83,78),(179,125),(154,8),(48,24),(172,36),(70,112),(25,79),(96,32),(105,43),(90,67),(12,146),(62,52),(110,44),(91,98),(65,94),(48,139),(186,58),(144,34),(22,73),(179,95),(33,42),(13,107),(182,8),(99,23),(180,112),(192,134),(151,50),(97,16),(142,28),(159,133),(73,105),(139,130),(136,56),(85,88),(95,69),(193,46),(186,109),(20,120),(31,32),(174,91),(136,38),(150,96),(95,148),(121,9),(122,46),(1,14),(166,21),(91,128),(85,76),(31,50),(188,72),(21,113),(35,77),(141,29),(69,12),(174,41),(52,69),(111,124),(132,108),(117,47),(105,125),(40,114),(4,110),(160,30),(60,121),(142,108),(155,103),(109,2),(173,88),(184,54),(116,146),(28,136),(51,111),(127,148),(14,15),(123,85),(35,89),(198,7),(28,22),(154,135),(142,67),(7,67),(200,36),(42,103),(65,94),(170,46),(70,33),(96,69),(178,41),(39,49),(96,92),(53,7),(83,54),(151,25),(37,146),(85,100),(52,50),(190,81),(87,12),(52,3),(187,139),(136,4),(164,130),(108,92),(168,111),(122,38),(132,46),(62,71),(95,29),(81,76),(155,128),(84,19),(111,97),(192,26),(138,133),(132,146),(126,130),(8,7),(184,99),(128,66),(189,73),(169,104),(165,75),(170,118),(190,39),(105,41),(99,94),(166,91),(1,70),(77,120),(154,145),(40,119),(89,80),(136,86),(92,92),(94,127),(58,95),(143,30),(183,125),(195,7),(187,129),(169,43),(193,114),(67,69),(197,117),(15,100),(6,13),(105,112),(37,67),(22,102),(192,6),(171,106),(152,26),(179,52),(154,40),(6,108),(101,117),(31,82),(11,49),(160,80),(66,146),(43,23),(33,83),(13,102),(2,140),(124,22),(86,5),(119,34),(8,10),(141,107),(175,70),(60,77),(187,81),(74,3),(77,72),(6,73),(26,93),(16,106),(150,27),(128,99),(49,128),(173,72),(50,106),(136,115),(27,138),(101,41),(33,37),(54,134),(87,69),(106,58),(86,94),(125,19),(179,111),(182,69),(140,15),(91,149),(197,17),(59,69),(97,51),(145,48),(193,139),(127,98),(69,2),(184,52),(2,45),(32,123),(37,140),(146,7),(147,39),(140,121),(111,120),(16,13),(4,81),(68,122),(94,10),(36,125),(131,143),(139,13),(3,73),(102,10),(131,130),(97,66),(32,68),(93,30),(33,9),(141,99),(148,125),(22,50),(122,82),(151,63),(112,44),(113,53),(170,67),(14,128),(97,120),(92,146),(81,101),(57,7),(124,56),(41,74),(57,137),(91,99),(101,117),(18,113),(114,137),(49,116),(13,107),(19,4),(80,36),(14,32),(192,51),(87,57),(13,45),(61,6),(144,102),(148,35),(168,70),(28,22),(118,66),(97,127),(143,66),(72,90),(100,145),(143,115),(67,15),(44,33),(123,6),(125,83),(147,138),(68,147),(187,37),(126,137),(86,107),(133,16),(192,52),(50,122),(33,113),(17,111),(166,84),(36,75),(61,28),(5,10),(13,131),(46,113),(82,120),(145,97),(174,129),(97,105),(38,38),(48,29),(158,145),(53,96),(196,91),(168,30),(35,102),(173,78),(183,126),(62,50),(58,25),(137,143),(138,35),(128,5),(82,34),(56,33),(162,5),(180,13),(157,2),(46,40),(200,64),(93,128),(8,114),(136,126),(165,144),(109,88),(116,145),(197,36),(45,106),(157,67),(50,7),(186,140),(51,113),(27,83),(131,85),(156,144),(90,107),(145,146),(46,73),(42,19),(99,134),(77,13),(102,130),(92,44),(192,109),(60,123),(172,51),(27,9),(134,4),(82,106),(167,120),(43,26),(123,142),(121,101),(192,123),(38,111),(99,37),(21,35),(119,143),(83,118),(77,133),(148,23),(167,97),(44,108),(113,89),(99,31),(24,88),(51,23),(64,14),(19,43),(35,42),(28,27),(95,30),(154,24),(190,19),(104,62),(149,40),(78,46),(86,133),(139,130),(176,31),(158,41),(87,95),(48,79),(150,71),(152,122),(6,66),(72,66),(11,79),(162,107),(84,107),(39,126),(48,21),(101,28),(132,103),(56,65),(100,9),(127,86),(156,142),(124,26),(82,111),(164,112),(139,141),(105,101),(128,150),(46,100),(6,72),(94,73),(144,37),(167,106),(96,84),(198,42),(22,70),(55,9),(30,7),(161,64),(16,131),(76,96),(18,140),(82,135),(70,143),(106,134),(197,136),(108,25),(107,78),(51,3),(49,116),(115,119),(90,23),(50,62),(178,29),(151,97),(19,100),(94,45),(91,57),(83,120),(2,73),(47,38),(149,67),(161,100),(188,39),(175,69),(77,18),(180,52),(200,90),(98,38),(167,47),(92,75),(160,130),(177,61),(110,105),(178,146),(17,144),(162,1),(33,5),(58,144),(188,55),(159,121),(91,132),(100,81),(178,54),(75,109),(103,10),(200,69),(70,131),(111,83),(25,109),(22,121),(142,99),(105,68),(67,143),(146,140),(23,50),(134,93),(15,35),(123,117),(20,107),(27,106),(50,72),(64,101),(78,114),(88,88),(56,132),(38,77),(37,85),(200,105),(39,73),(101,35),(115,77),(86,86),(79,51),(175,80),(40,31),(181,126),(88,15),(158,50),(119,114),(109,118),(163,147),(127,134),(54,62),(16,148),(137,55),(167,44),(99,143),(102,74),(149,41),(191,95),(127,118),(25,123),(43,75),(77,102),(44,58),(63,78),(50,82),(167,3),(160,56),(23,23),(178,33),(120,36),(33,64),(193,87),(154,122),(176,118),(7,77),(59,117),(59,113),(2,107),(73,51),(165,95),(10,42),(21,145),(92,4),(169,131),(183,60),(170,104),(8,128),(3,134),(175,93),(158,94),(129,82),(118,129),(33,74),(45,46),(139,15),(168,127),(23,119);
/*!40000 ALTER TABLE `Embarcam` ENABLE KEYS */;
UNLOCK TABLES;

--
-- Table structure for table `Localidade`
--

DROP TABLE IF EXISTS `Localidade`;
/*!40101 SET @saved_cs_client     = @@character_set_client */;
/*!40101 SET character_set_client = utf8 */;
CREATE TABLE `Localidade` (
  `LocalID` int(11) NOT NULL AUTO_INCREMENT,
  `Descricao` text DEFAULT NULL,
  `CidadeEstado` varchar(40) DEFAULT NULL,
  `NomePais` varchar(20) DEFAULT NULL,
  `urlImagem` text DEFAULT NULL,
  PRIMARY KEY (`LocalID`)
) ENGINE=InnoDB AUTO_INCREMENT=101 DEFAULT CHARSET=utf8mb4 COLLATE=utf8mb4_unicode_ci;
/*!40101 SET character_set_client = @saved_cs_client */;

--
-- Dumping data for table `Localidade`
--

LOCK TABLES `Localidade` WRITE;
/*!40000 ALTER TABLE `Localidade` DISABLE KEYS */;
INSERT INTO `Localidade` VALUES (1,'Next came the guests, mostly Kings and Queens, and among them Alice recognised the White Rabbit, who said in a tone of great relief. \'Call the next verse.\' \'But about his toes?\' the Mock Turtle said.','Port Carolanne','Germany','https://loremflickr.com/640/480/'),(2,'RED rose-tree, and we won\'t talk about trouble!\' said the youth, \'one would hardly suppose That your eye was as steady as ever; Yet you balanced an eel on the glass table and the little creature.','North Frederik','Faroe Islands','https://loremflickr.com/640/480/'),(3,'Caterpillar. \'Well, I should like to see if she was quite tired of swimming about here, O Mouse!\' (Alice thought this a very decided tone: \'tell her something worth hearing. For some minutes it.','Erickastad','Andorra','https://loremflickr.com/640/480/'),(4,'March Hare went \'Sh! sh!\' and the Mock Turtle at last, and they can\'t prove I did: there\'s no room at all anxious to have any rules in particular; at least, if there are, nobody attends to them--and.','New Deloresborough','Cook Islands','https://loremflickr.com/640/480/'),(5,'NOT!\' cried the Gryphon, sighing in his note-book, cackled out \'Silence!\' and read as follows:-- \'The Queen will hear you! You see, she came upon a neat little house, on the song, perhaps?\' \'I\'ve.','South Ceciliaborough','Fiji','https://loremflickr.com/640/480/'),(6,'Alice replied eagerly, for she had plenty of time as she was now about two feet high, and she told her sister, who was talking. \'How CAN I have dropped them, I wonder?\' As she said to a day-school,.','Lorenzchester','Burkina Faso','https://loremflickr.com/640/480/'),(7,'Alice guessed in a sort of use in the pool was getting very sleepy; \'and they all crowded together at one corner of it: for she felt sure it would like the three gardeners, but she added, to.','North Trystanside','Bahamas','https://loremflickr.com/640/480/'),(8,'Oh dear! I\'d nearly forgotten that I\'ve got to see what I used to queer things happening. While she was about a whiting to a mouse: she had this fit) An obstacle that came between Him, and.','Armandmouth','Liberia','https://loremflickr.com/640/480/'),(9,'King; and the baby was howling so much surprised, that for two reasons. First, because I\'m on the ground as she could remember about ravens and writing-desks, which wasn\'t much. The Hatter looked at.','Lake Earnest','Gibraltar','https://loremflickr.com/640/480/'),(10,'Alice could only hear whispers now and then, and holding it to make out who I WAS when I learn music.\' \'Ah! that accounts for it,\' said Alice. \'Why, there they lay on the bank, and of having nothing.','New Annabellemouth','Saudi Arabia','https://loremflickr.com/640/480/'),(11,'So she set off at once crowded round it, panting, and asking, \'But who is Dinah, if I like being that person, I\'ll come up: if not, I\'ll stay down here! It\'ll be no use in waiting by the little.','Emardborough','Malawi','https://loremflickr.com/640/480/'),(12,'King was the BEST butter, you know.\' He was looking at everything about her, to pass away the time. Alice had no reason to be talking in his confusion he bit a large one, but the Gryphon replied.','East Winstonhaven','Vanuatu','https://loremflickr.com/640/480/'),(13,'Mock Turtle yawned and shut his eyes.--\'Tell her about the right height to rest her chin upon Alice\'s shoulder, and it was very fond of pretending to be ashamed of yourself for asking such a nice.','New Juana','Montenegro','https://loremflickr.com/640/480/'),(14,'Dinah, tell me who YOU are, first.\' \'Why?\' said the Caterpillar seemed to rise like a steam-engine when she had put the Dormouse indignantly. However, he consented to go through next walking about.','Columbusfurt','Singapore','https://loremflickr.com/640/480/'),(15,'Will you, won\'t you, will you join the dance. Will you, won\'t you, will you, won\'t you join the dance. Would not, could not, could not, would not, could not, would not join the dance. Would not,.','West Deion','Iran','https://loremflickr.com/640/480/'),(16,'Alice. \'Well, then,\' the Cat in a hoarse growl, \'the world would go round and look up and said, \'That\'s right, Five! Always lay the blame on others!\' \'YOU\'D better not do that again!\' which produced.','Port Ramonaville','Zimbabwe','https://loremflickr.com/640/480/'),(17,'WAS a curious appearance in the schoolroom, and though this was her turn or not. \'Oh, PLEASE mind what you\'re doing!\' cried Alice, jumping up in such confusion that she was quite surprised to find.','West Jerrold','Libyan Arab Jamahiri','https://loremflickr.com/640/480/'),(18,'Off with his whiskers!\' For some minutes the whole head appeared, and then Alice dodged behind a great hurry. \'You did!\' said the Dodo, pointing to the Gryphon. \'Of course,\' the Dodo had paused as.','Christianaport','Oman','https://loremflickr.com/640/480/'),(19,'No room!\' they cried out when they arrived, with a smile. There was not an encouraging opening for a little startled by seeing the Cheshire Cat, she was out of the singers in the other. \'I beg your.','Julianneborough','Ecuador','https://loremflickr.com/640/480/'),(20,'I\'m perfectly sure I have done that?\' she thought. \'But everything\'s curious today. I think you\'d take a fancy to herself \'Suppose it should be raving mad after all! I almost wish I\'d gone to see if.','Lake Eliasland','Israel','https://loremflickr.com/640/480/'),(21,'Who in the beautiful garden, among the people that walk with their hands and feet at the other players, and shouting \'Off with her head!\' Those whom she sentenced were taken into custody by the.','Carmelchester','Denmark','https://loremflickr.com/640/480/'),(22,'Turtle.\' These words were followed by a very interesting dance to watch,\' said Alice, \'and if it had been. But her sister on the trumpet, and then treading on her toes when they met in the middle,.','Evangelinestad','Malawi','https://loremflickr.com/640/480/'),(23,'I\'m not the right size, that it made no mark; but he now hastily began again, using the ink, that was linked into hers began to cry again. \'You ought to tell them something more. \'You promised to.','West Rick','Ireland','https://loremflickr.com/640/480/'),(24,'I suppose it doesn\'t matter a bit,\' she thought it must be the use of repeating all that stuff,\' the Mock Turtle would be like, \'--for they haven\'t got much evidence YET,\' she said aloud. \'I shall.','Schmelerchester','Slovakia (Slovak Rep','https://loremflickr.com/640/480/'),(25,'Will you, won\'t you, will you join the dance? \"You can really have no idea how confusing it is right?\' \'In my youth,\' said his father, \'I took to the Gryphon. \'The reason is,\' said the Caterpillar..','North Corene','Turkey','https://loremflickr.com/640/480/'),(26,'Alice heard it say to this: so she began shrinking directly. As soon as she spoke. (The unfortunate little Bill had left off writing on his slate with one elbow against the ceiling, and had been.','Carlosland','Saint Vincent and th','https://loremflickr.com/640/480/'),(27,'King said, for about the same tone, exactly as if she had but to get in at all?\' said the White Rabbit was still in sight, hurrying down it. There could be NO mistake about it: it was addressed to.','Kianamouth','Zambia','https://loremflickr.com/640/480/'),(28,'Alice said; but was dreadfully puzzled by the time they had a large kitchen, which was the Duchess\'s cook. She carried the pepper-box in her brother\'s Latin Grammar, \'A mouse--of a mouse--to a.','Franciscachester','Colombia','https://loremflickr.com/640/480/'),(29,'Off--\' \'Nonsense!\' said Alice, whose thoughts were still running on the shingle--will you come and join the dance. \'\"What matters it how far we go?\" his scaly friend replied. \"There is another.','South Celineport','Greece','https://loremflickr.com/640/480/'),(30,'FIT you,\' said Alice, in a few minutes, and she hurried out of the jurors had a door leading right into it. \'That\'s very curious.\' \'It\'s all about it!\' Last came a little different. But if I\'m not.','Port Shayna','Iran','https://loremflickr.com/640/480/'),(31,'Mouse only growled in reply. \'Please come back again, and went back to the conclusion that it is!\' As she said to the Knave was standing before them, in chains, with a large flower-pot that stood.','South Frederik','Lao People\'s Democra','https://loremflickr.com/640/480/'),(32,'Alice with one elbow against the ceiling, and had been (Before she had read several nice little dog near our house I should think you\'ll feel it a very short time the Queen say only yesterday you.','Lake River','Equatorial Guinea','https://loremflickr.com/640/480/'),(33,'Duchess, who seemed too much pepper in that poky little house, and found that her flamingo was gone across to the Caterpillar, and the little golden key was lying on the back. However, it was.','Spinkaville','Georgia','https://loremflickr.com/640/480/'),(34,'Then came a rumbling of little cartwheels, and the baby with some curiosity. \'What a funny watch!\' she remarked. \'There isn\'t any,\' said the Caterpillar, just as she could for sneezing. There was.','Kertzmannberg','Morocco','https://loremflickr.com/640/480/'),(35,'I was, I shouldn\'t want YOURS: I don\'t know,\' he went on, \'and most things twinkled after that--only the March Hare. \'Then it wasn\'t trouble enough hatching the eggs,\' said the last time she had got.','Lorenborough','Morocco','https://loremflickr.com/640/480/'),(36,'I THINK,\' said Alice. \'Off with her friend. When she got used to queer things happening. While she was now the right size for going through the wood. \'It\'s the first day,\' said the Lory hastily. \'I.','Port Pat','Central African Repu','https://loremflickr.com/640/480/'),(37,'I to get in?\' she repeated, aloud. \'I must be growing small again.\' She got up this morning? I almost think I can do without lobsters, you know. So you see, so many lessons to learn! Oh, I shouldn\'t.','Gleasontown','Panama','https://loremflickr.com/640/480/'),(38,'As for pulling me out of sight before the end of every line: \'Speak roughly to your little boy, And beat him when he sneezes; For he can EVEN finish, if he doesn\'t begin.\' But she did it so yet,\'.','North Dangeloburgh','Sudan','https://loremflickr.com/640/480/'),(39,'PLEASE mind what you\'re talking about,\' said Alice. \'Exactly so,\' said Alice. \'Why, you don\'t explain it as well go back, and see after some executions I have done just as I\'d taken the highest tree.','Schillerfort','Portugal','https://loremflickr.com/640/480/'),(40,'Alice\'s side as she spoke, but no result seemed to be no chance of this, so that by the White Rabbit; \'in fact, there\'s nothing written on the English coast you find a pleasure in all my life,.','Danieltown','Sudan','https://loremflickr.com/640/480/'),(41,'Pray, what is the capital of Rome, and Rome--no, THAT\'S all wrong, I\'m certain! I must go back by railway,\' she said to herself, \'I wish I hadn\'t begun my tea--not above a week or so--and what with.','South Santaberg','French Southern Terr','https://loremflickr.com/640/480/'),(42,'I eat\" is the same age as herself, to see what the name again!\' \'I won\'t interrupt again. I dare say you\'re wondering why I don\'t care which happens!\' She ate a little bit of mushroom, and raised.','Stammmouth','Barbados','https://loremflickr.com/640/480/'),(43,'YOU are, first.\' \'Why?\' said the Queen, who had spoken first. \'That\'s none of my life.\' \'You are old,\' said the Queen. \'Well, I shan\'t go, at any rate it would be only rustling in the back. At last.','South Frieda','Senegal','https://loremflickr.com/640/480/'),(44,'How puzzling all these changes are! I\'m never sure what I\'m going to shrink any further: she felt unhappy. \'It was a dispute going on shrinking rapidly: she soon found herself in the distance. \'And.','Ziemeberg','Kazakhstan','https://loremflickr.com/640/480/'),(45,'I didn\'t!\' interrupted Alice. \'You did,\' said the Duchess: \'what a clear way you go,\' said the King said to the Dormouse, not choosing to notice this question, but hurriedly went on, half to Alice..','Destiniview','French Polynesia','https://loremflickr.com/640/480/'),(46,'Seven. \'Yes, it IS his business!\' said Five, \'and I\'ll tell him--it was for bringing the cook and the Hatter said, turning to Alice. \'What sort of a large plate came skimming out, straight at the.','Port Gerald','Bangladesh','https://loremflickr.com/640/480/'),(47,'I COULD NOT SWIM--\" you can\'t swim, can you?\' he added, turning to Alice, she went on \'And how do you know why it\'s called a whiting?\' \'I never saw one, or heard of uglifying!\' it exclaimed. \'You.','West Kayley','France','https://loremflickr.com/640/480/'),(48,'Alice. \'Only a thimble,\' said Alice desperately: \'he\'s perfectly idiotic!\' And she began very cautiously: \'But I don\'t understand. Where did they live on?\' said Alice, feeling very curious to know.','Hermannbury','Norfolk Island','https://loremflickr.com/640/480/'),(49,'Queen, who was a body to cut it off from: that he had never left off staring at the thought that she ran off at once, and ran the faster, while more and more sounds of broken glass, from which she.','Feilport','Australia','https://loremflickr.com/640/480/'),(50,'Then came a little bit, and said \'That\'s very curious!\' she thought. \'But everything\'s curious today. I think that very few little girls of her hedgehog. The hedgehog was engaged in a whisper, half.','South Marilou','Barbados','https://loremflickr.com/640/480/'),(51,'Let me see: four times seven is--oh dear! I wish I hadn\'t to bring tears into her face, with such a thing. After a minute or two she stood still where she was walking by the prisoner to--to.','New Ofeliafort','Kyrgyz Republic','https://loremflickr.com/640/480/'),(52,'OURS they had been anything near the right way of settling all difficulties, great or small. \'Off with his whiskers!\' For some minutes it seemed quite natural to Alice a little shriek and a fall,.','Lake Devynside','Maldives','https://loremflickr.com/640/480/'),(53,'Dormouse denied nothing, being fast asleep. \'After that,\' continued the King. On this the White Rabbit with pink eyes ran close by her. There was certainly too much of a muchness\"--did you ever eat.','New Tristinhaven','Macao','https://loremflickr.com/640/480/'),(54,'Next came the guests, mostly Kings and Queens, and among them Alice recognised the White Rabbit blew three blasts on the floor: in another moment down went Alice like the name: however, it only.','South Vesta','Kyrgyz Republic','https://loremflickr.com/640/480/'),(55,'I shall fall right THROUGH the earth! How funny it\'ll seem to come out among the branches, and every now and then, \'we went to school in the middle, nursing a baby; the cook till his eyes were.','Hauckstad','Ecuador','https://loremflickr.com/640/480/'),(56,'Alice)--\'and perhaps you haven\'t found it so yet,\' said Alice; \'but a grin without a grin,\' thought Alice; but she could not think of nothing else to say whether the pleasure of making a daisy-chain.','North Kayleebury','Uganda','https://loremflickr.com/640/480/'),(57,'Hatter: \'as the things get used up.\' \'But what did the archbishop find?\' The Mouse gave a sudden burst of tears, but said nothing. \'When we were little,\' the Mock Turtle went on saying to her in a.','Pricehaven','Ukraine','https://loremflickr.com/640/480/'),(58,'Alice called after her. \'I\'ve something important to say!\' This sounded promising, certainly: Alice turned and came flying down upon their faces, and the arm that was lying on the slate. \'Herald,.','North Delfinaton','Nigeria','https://loremflickr.com/640/480/'),(59,'Alice, thinking it was very deep, or she fell very slowly, for she was saying, and the sound of many footsteps, and Alice was more than nine feet high, and she swam nearer to make out what it was:.','North Jessyca','Anguilla','https://loremflickr.com/640/480/'),(60,'Hatter with a melancholy tone. \'Nobody seems to grin, How neatly spread his claws, And welcome little fishes in With gently smiling jaws!\' \'I\'m sure I\'m not looking for eggs, as it happens; and if.','West Emmie','Congo','https://loremflickr.com/640/480/'),(61,'The Queen had never heard of such a dreadful time.\' So Alice began in a deep, hollow tone: \'sit down, both of you, and must know better\'; and this was of very little way off, and she had felt quite.','Genevieveshire','Costa Rica','https://loremflickr.com/640/480/'),(62,'THE FENDER, (WITH ALICE\'S LOVE). Oh dear, what nonsense I\'m talking!\' Just then she walked sadly down the little golden key was too slippery; and when she turned to the rose-tree, she went hunting.','Koelpinport','Afghanistan','https://loremflickr.com/640/480/'),(63,'Queen put on your head-- Do you think you might catch a bat, and that\'s very like having a game of play with a little snappishly. \'You\'re enough to drive one crazy!\' The Footman seemed to have been.','Lake Gloriashire','Mongolia','https://loremflickr.com/640/480/'),(64,'Yet you finished the first sentence in her hands, and she said to Alice. \'What IS a Caucus-race?\' said Alice; \'it\'s laid for a long way back, and barking hoarsely all the unjust things--\' when his.','South Joanton','Belarus','https://loremflickr.com/640/480/'),(65,'Rabbit\'s--\'Pat! Pat! Where are you?\' And then a voice outside, and stopped to listen. \'Mary Ann! Mary Ann!\' said the White Rabbit with pink eyes ran close by her. There was a general clapping of.','Abbottbury','Marshall Islands','https://loremflickr.com/640/480/'),(66,'CHAPTER V. Advice from a bottle marked \'poison,\' so Alice went timidly up to the Duchess: \'what a clear way you can;--but I must be shutting up like a thunderstorm. \'A fine day, your Majesty!\' the.','West Joannie','Faroe Islands','https://loremflickr.com/640/480/'),(67,'Bill!\' then the different branches of Arithmetic--Ambition, Distraction, Uglification, and Derision.\' \'I never went to the Classics master, though. He was an immense length of neck, which seemed to.','Cormiermouth','Dominican Republic','https://loremflickr.com/640/480/'),(68,'Alice. The poor little thing grunted in reply (it had left off quarrelling with the time,\' she said, \'and see whether it\'s marked \"poison\" or not\'; for she thought, and rightly too, that very few.','Lake Marta','Svalbard & Jan Mayen','https://loremflickr.com/640/480/'),(69,'However, when they passed too close, and waving their forepaws to mark the time, while the rest of it now in sight, and no room at all what had become of me?\' Luckily for Alice, the little dears.','Port Eusebio','Burkina Faso','https://loremflickr.com/640/480/'),(70,'It was so ordered about in the last time she saw maps and pictures hung upon pegs. She took down a good deal: this fireplace is narrow, to be managed? I suppose Dinah\'ll be sending me on messages.','Shawnamouth','Liberia','https://loremflickr.com/640/480/'),(71,'I am, sir,\' said Alice; not that she was about a thousand times as large as the jury eagerly wrote down all three dates on their slates, \'SHE doesn\'t believe there\'s an atom of meaning in it.\' The.','North Harmon','Ethiopia','https://loremflickr.com/640/480/'),(72,'FIT you,\' said the King, and the baby joined):-- \'Wow! wow! wow!\' While the Duchess was VERY ugly; and secondly, because they\'re making such a thing. After a time there were no tears. \'If you\'re.','New Caterina','Sudan','https://loremflickr.com/640/480/'),(73,'Queen! The Queen!\' and the Queen\'s hedgehog just now, only it ran away when it had entirely disappeared; so the King was the same solemn tone, only changing the order of the Lobster Quadrille?\' the.','Gregorialand','Northern Mariana Isl','https://loremflickr.com/640/480/'),(74,'I have dropped them, I wonder?\' And here Alice began to get dry very soon. \'Ahem!\' said the Cat, and vanished. Alice was not a regular rule: you invented it just at present--at least I mean what I.','Shieldsbury','Latvia','https://loremflickr.com/640/480/'),(75,'For some minutes the whole head appeared, and then a voice sometimes choked with sobs, to sing you a song?\' \'Oh, a song, please, if the Mock Turtle is.\' \'It\'s the stupidest tea-party I ever heard!\'.','Danykaburgh','Canada','https://loremflickr.com/640/480/'),(76,'Poor Alice! It was the BEST butter,\' the March Hare. \'It was the same thing, you know.\' \'And what are they made of?\' \'Pepper, mostly,\' said the Cat. \'I don\'t like the look of the doors of the court..','East Maiyaside','Cuba','https://loremflickr.com/640/480/'),(77,'Alice, \'we learned French and music.\' \'And washing?\' said the Dodo, pointing to the other paw, \'lives a March Hare. Visit either you like: they\'re both mad.\' \'But I don\'t know,\' he went on,.','Louiebury','Spain','https://loremflickr.com/640/480/'),(78,'Which shall sing?\' \'Oh, YOU sing,\' said the Hatter. \'It isn\'t directed at all,\' said Alice: \'allow me to him: She gave me a pair of boots every Christmas.\' And she opened it, and on both sides at.','Lake Stanford','Burundi','https://loremflickr.com/640/480/'),(79,'Adventures of hers that you weren\'t to talk nonsense. The Queen\'s Croquet-Ground A large rose-tree stood near the entrance of the Queen\'s absence, and were resting in the world you fly, Like a.','Port Jordonmouth','Belarus','https://loremflickr.com/640/480/'),(80,'The Hatter was out of a tree in the middle, being held up by two guinea-pigs, who were lying round the thistle again; then the Mock Turtle: \'nine the next, and so on.\' \'What a funny watch!\' she.','Kaelynberg','Central African Repu','https://loremflickr.com/640/480/'),(81,'Alice thought she had quite a large rabbit-hole under the table: she opened it, and found that it was just possible it had fallen into the teapot. \'At any rate I\'ll never go THERE again!\' said Alice.','East Caroline','Malaysia','https://loremflickr.com/640/480/'),(82,'Lobster Quadrille The Mock Turtle sighed deeply, and drew the back of one flapper across his eyes. \'I wasn\'t asleep,\' he said to herself, \'to be going messages for a minute or two, and the turtles.','West Gisselle','Bahrain','https://loremflickr.com/640/480/'),(83,'Next came the royal children, and make THEIR eyes bright and eager with many a strange tale, perhaps even with the Gryphon. \'They can\'t have anything to say, she simply bowed, and took the.','Myahmouth','Qatar','https://loremflickr.com/640/480/'),(84,'Mock Turtle to the Knave of Hearts, who only bowed and smiled in reply. \'Idiot!\' said the Queen, the royal children, and everybody else. \'Leave off that!\' screamed the Gryphon. \'Of course,\' the.','Huelburgh','Turkey','https://loremflickr.com/640/480/'),(85,'I shall have to turn into a pig, my dear,\' said Alice, (she had grown to her ear, and whispered \'She\'s under sentence of execution.\' \'What for?\' said Alice. \'Of course not,\' Alice replied eagerly,.','New Otho','Rwanda','https://loremflickr.com/640/480/'),(86,'Even the Duchess was VERY ugly; and secondly, because they\'re making such VERY short remarks, and she sat still just as the White Rabbit was still in sight, and no one could possibly hear you.\' And.','Rosemariechester','Sudan','https://loremflickr.com/640/480/'),(87,'THAT in a deep voice, \'What are they doing?\' Alice whispered to the Hatter. Alice felt a little pattering of feet on the spot.\' This did not notice this last remark, \'it\'s a vegetable. It doesn\'t.','East Jerel','Peru','https://loremflickr.com/640/480/'),(88,'Adventures, till she was surprised to find it out, we should all have our heads cut off, you know. But do cats eat bats?\' and sometimes, \'Do bats eat cats?\' for, you see, as well as she spoke;.','Brekkechester','Bulgaria','https://loremflickr.com/640/480/'),(89,'YOUR temper!\' \'Hold your tongue, Ma!\' said the Gryphon. \'How the creatures wouldn\'t be in a solemn tone, only changing the order of the water, and seemed not to make out who was beginning to write.','Kamrenville','United States Virgin','https://loremflickr.com/640/480/'),(90,'March Hare interrupted, yawning. \'I\'m getting tired of being upset, and their curls got entangled together. Alice was beginning very angrily, but the wise little Alice was thoroughly puzzled. \'Does.','Harberstad','Cambodia','https://loremflickr.com/640/480/'),(91,'Sir, With no jury or judge, would be as well as pigs, and was delighted to find that the Gryphon whispered in reply, \'for fear they should forget them before the officer could get to the rose-tree,.','Port Vernshire','Norway','https://loremflickr.com/640/480/'),(92,'MINE.\' The Queen turned crimson with fury, and, after waiting till she fancied she heard something like it,\' said Alice, who was peeping anxiously into her face. \'Wake up, Dormouse!\' And they.','East Beatricechester','Bermuda','https://loremflickr.com/640/480/'),(93,'For some minutes it puffed away without being seen, when she looked up, and began to repeat it, when a sharp hiss made her look up in spite of all her wonderful Adventures, till she too began.','West Norbertoberg','Nauru','https://loremflickr.com/640/480/'),(94,'The Fish-Footman began by producing from under his arm a great hurry. \'You did!\' said the last word with such a thing before, but she added, to herself, for this time she found that her flamingo was.','Smithhaven','Cote d\'Ivoire','https://loremflickr.com/640/480/'),(95,'Gryphon said, in a voice she had expected: before she had succeeded in curving it down into a conversation. Alice replied, rather shyly, \'I--I hardly know, sir, just at present--at least I know who.','West Woodrowshire','United States of Ame','https://loremflickr.com/640/480/'),(96,'Rabbit noticed Alice, as she spoke. (The unfortunate little Bill had left off staring at the end.\' \'If you didn\'t sign it,\' said the Gryphon: and it sat down at them, and all the other bit. Her chin.','Reichelbury','Slovenia','https://loremflickr.com/640/480/'),(97,'I can do without lobsters, you know. Come on!\' So they went up to the shore. CHAPTER III. A Caucus-Race and a fall, and a sad tale!\' said the Cat. \'I don\'t believe it,\' said Alice as she did not.','West Sarina','France','https://loremflickr.com/640/480/'),(98,'Alice replied, rather shyly, \'I--I hardly know, sir, just at first, perhaps,\' said the Caterpillar. \'Well, perhaps your feelings may be ONE.\' \'One, indeed!\' said the Gryphon, sighing in his turn;.','New Gustave','Qatar','https://loremflickr.com/640/480/'),(99,'And in she went. Once more she found her head to hide a smile: some of YOUR business, Two!\' said Seven. \'Yes, it IS his business!\' said Five, \'and I\'ll tell you my history, and you\'ll understand why.','New Meaganhaven','Ethiopia','https://loremflickr.com/640/480/'),(100,'Gryphon, lying fast asleep in the wood,\' continued the King. On this the White Rabbit; \'in fact, there\'s nothing written on the ground as she remembered trying to find my way into that beautiful.','New Rubystad','Nigeria','https://loremflickr.com/640/480/');
/*!40000 ALTER TABLE `Localidade` ENABLE KEYS */;
UNLOCK TABLES;

--
-- Table structure for table `Pessoa`
--

DROP TABLE IF EXISTS `Pessoa`;
/*!40101 SET @saved_cs_client     = @@character_set_client */;
/*!40101 SET character_set_client = utf8 */;
CREATE TABLE `Pessoa` (
  `PessoaID` int(11) NOT NULL AUTO_INCREMENT,
  `Nome` varchar(30) NOT NULL,
  `Iniciais` varchar(6) DEFAULT NULL,
  `Conhecido` bit(1) DEFAULT NULL,
  `DataNasc` date DEFAULT NULL,
  `DataMorte` date DEFAULT NULL,
  `Descricao` text DEFAULT NULL,
  `CidadeNascimento` int(11) DEFAULT NULL,
  `CidadeMorte` int(11) DEFAULT NULL,
  `urlImagem` text DEFAULT NULL,
  PRIMARY KEY (`PessoaID`),
  KEY `CidadeNascimento` (`CidadeNascimento`),
  KEY `CidadeMorte` (`CidadeMorte`),
  CONSTRAINT `Pessoa_ibfk_1` FOREIGN KEY (`CidadeNascimento`) REFERENCES `Localidade` (`LocalID`) ON DELETE SET NULL,
  CONSTRAINT `Pessoa_ibfk_2` FOREIGN KEY (`CidadeMorte`) REFERENCES `Localidade` (`LocalID`) ON DELETE SET NULL
) ENGINE=InnoDB AUTO_INCREMENT=151 DEFAULT CHARSET=utf8mb4 COLLATE=utf8mb4_unicode_ci;
/*!40101 SET character_set_client = @saved_cs_client */;

--
-- Dumping data for table `Pessoa`
--

LOCK TABLES `Pessoa` WRITE;
/*!40000 ALTER TABLE `Pessoa` DISABLE KEYS */;
INSERT INTO `Pessoa` VALUES (1,'Jamie Jerde','Prof.',NULL,'2003-06-10','2018-03-04','King triumphantly, pointing to the law, And argued each case with MINE,\' said the Gryphon, \'you first form into a large flower-pot that stood near. The three soldiers wandered about in all.',2,11,'https://loremflickr.com/640/480/'),(2,'Sherman Runolfsdottir','Prof.',NULL,'1992-05-17','2009-01-17','Exactly as we needn\'t try to find that her flamingo was gone across to the law, And argued each case with MINE,\' said the Gryphon, and, taking Alice by the carrier,\' she thought; \'and how funny.',88,76,'https://loremflickr.com/640/480/'),(3,'Rita Waters IV','Mrs.',NULL,'2011-04-29','1993-03-12','Pigeon in a furious passion, and went down on their slates, \'SHE doesn\'t believe there\'s an atom of meaning in it,\' said the young lady to see if she meant to take out of sight; and an old Crab took.',51,10,'https://loremflickr.com/640/480/'),(4,'Kamille Casper','Dr.',NULL,'1974-10-18','2010-09-19','Hatter said, tossing his head sadly. \'Do I look like one, but the Rabbit was still in existence; \'and now for the accident of the same thing, you know.\' \'Not the same thing as \"I sleep when I.',55,94,'https://loremflickr.com/640/480/'),(5,'Stefan Bailey','Dr.',NULL,'2017-11-29','2020-11-27','Duchess\'s knee, while plates and dishes crashed around it--once more the shriek of the deepest contempt. \'I\'ve seen a rabbit with either a waistcoat-pocket, or a serpent?\' \'It matters a good way.',47,90,'https://loremflickr.com/640/480/'),(6,'Eloisa Kassulke','Mr.',NULL,'1976-01-06','1979-12-10','Time!\' \'Perhaps not,\' Alice cautiously replied: \'but I haven\'t been invited yet.\' \'You\'ll see me there,\' said the King exclaimed, turning to Alice. \'Only a thimble,\' said Alice indignantly. \'Ah!.',89,31,'https://loremflickr.com/640/480/'),(7,'Stella Rice','Miss',NULL,'1976-05-13','1996-05-20','Father William replied to his son, \'I feared it might belong to one of the jurymen. \'It isn\'t mine,\' said the Dormouse, not choosing to notice this question, but hurriedly went on, \'What\'s your.',92,69,'https://loremflickr.com/640/480/'),(8,'Anahi King','Dr.',NULL,'1996-07-13','1988-05-11','Alice could see this, as she could. \'The game\'s going on shrinking rapidly: she soon made out what she was now about two feet high: even then she noticed that they had any dispute with the strange.',77,49,'https://loremflickr.com/640/480/'),(9,'Dr. Shany Grimes','Mr.',NULL,'1974-10-16','1987-02-18','Who for such dainties would not join the dance? Will you, won\'t you, will you join the dance? Will you, won\'t you join the dance? Will you, won\'t you, will you join the dance?\"\' \'Thank you, sir, for.',47,42,'https://loremflickr.com/640/480/'),(10,'Caesar Kilback','Ms.',NULL,'2001-07-14','2022-05-26','Oh dear! I shall ever see such a very good height indeed!\' said Alice, in a ring, and begged the Mouse with an important air, \'are you all ready? This is the use of this ointment--one shilling the.',21,68,'https://loremflickr.com/640/480/'),(11,'Lilly Flatley','Dr.',NULL,'2001-12-21','1985-06-07','Queen had ordered. They very soon had to do such a noise inside, no one listening, this time, as it went. So she sat down in an offended tone, \'was, that the hedgehog had unrolled itself, and began.',45,25,'https://loremflickr.com/640/480/'),(12,'Prof. Pascale Glover IV','Miss',NULL,'1985-10-17','1970-08-25','March Hare. \'Yes, please do!\' pleaded Alice. \'And where HAVE my shoulders got to? And oh, I wish you wouldn\'t have come here.\' Alice didn\'t think that there was generally a frog or a worm. The.',87,21,'https://loremflickr.com/640/480/'),(13,'Delpha Schowalter','Mr.',NULL,'2001-03-09','1992-05-27','Which way?\', holding her hand on the top with its mouth and began bowing to the part about her repeating \'YOU ARE OLD, FATHER WILLIAM,\"\' said the Caterpillar; and it was quite out of sight; and an.',61,37,'https://loremflickr.com/640/480/'),(14,'Reva Nolan I','Prof.',NULL,'1990-11-07','2008-03-16','Ann! Mary Ann!\' said the Mock Turtle, suddenly dropping his voice; and Alice looked at Two. Two began in a day is very confusing.\' \'It isn\'t,\' said the Cat, and vanished again. Alice waited.',74,72,'https://loremflickr.com/640/480/'),(15,'Herbert Hane','Miss',NULL,'1994-06-18','1981-04-14','THIS witness.\' \'Well, if I would talk on such a neck as that! No, no! You\'re a serpent; and there\'s no harm in trying.\' So she went on, yawning and rubbing its eyes, \'Of course, of course; just what.',63,65,'https://loremflickr.com/640/480/'),(16,'Gail Wilderman','Dr.',NULL,'2019-11-07','1986-12-09','Why, there\'s hardly enough of me left to make the arches. The chief difficulty Alice found at first she would feel very uneasy: to be a Caucus-race.\' \'What IS a Caucus-race?\' said Alice; not that.',59,73,'https://loremflickr.com/640/480/'),(17,'Prof. Reese Trantow DDS','Dr.',NULL,'1973-11-11','1985-11-11','Dormouse, after thinking a minute or two sobs choked his voice. \'Same as if she were saying lessons, and began staring at the mouth with strings: into this they slipped the guinea-pig, head first,.',81,4,'https://loremflickr.com/640/480/'),(18,'Ms. Virginia Ortiz Jr.','Dr.',NULL,'1974-11-06','1988-12-21','Five! Don\'t go splashing paint over me like a telescope.\' And so it was just beginning to write this down on one knee. \'I\'m a poor man, your Majesty,\' the Hatter replied. \'Of course not,\' said Alice.',88,16,'https://loremflickr.com/640/480/'),(19,'Shayna Bartell','Mr.',NULL,'2009-03-18','1992-02-11','IS a long way back, and see after some executions I have done that?\' she thought. \'But everything\'s curious today. I think you\'d better ask HER about it.\' \'She\'s in prison,\' the Queen to play.',81,44,'https://loremflickr.com/640/480/'),(20,'Tanya Ward','Prof.',NULL,'2013-10-15','1977-06-21','The table was a dispute going on within--a constant howling and sneezing, and every now and then, and holding it to be two people! Why, there\'s hardly room for this, and she felt sure she would.',90,37,'https://loremflickr.com/640/480/'),(21,'Joannie Frami','Dr.',NULL,'1975-07-16','2005-03-16','I will prosecute YOU.--Come, I\'ll take no denial; We must have a prize herself, you know,\' said the Hatter, with an M--\' \'Why with an M--\' \'Why with an M?\' said Alice. \'You did,\' said the Duchess,.',26,31,'https://loremflickr.com/640/480/'),(22,'Dr. Hector Okuneva DVM','Mr.',NULL,'1985-05-27','1973-08-21','And he added looking angrily at the Mouse\'s tail; \'but why do you know I\'m mad?\' said Alice. \'What sort of lullaby to it in asking riddles that have no notion how delightful it will be much the most.',69,73,'https://loremflickr.com/640/480/'),(23,'Trenton Dickens','Mr.',NULL,'1986-12-12','2011-07-15','Alice began telling them her adventures from the shock of being all alone here!\' As she said to Alice; and Alice heard it muttering to itself \'Then I\'ll go round a deal faster than it does.\' \'Which.',70,43,'https://loremflickr.com/640/480/'),(24,'Dr. Pedro Turcotte','Dr.',NULL,'2023-10-16','1978-05-19','Alice, timidly; \'some of the conversation. Alice felt that it was only sobbing,\' she thought, \'it\'s sure to kill it in time,\' said the Caterpillar. Alice folded her hands, and was going on within--a.',27,70,'https://loremflickr.com/640/480/'),(25,'Shawn Schmitt','Dr.',NULL,'1997-07-23','1971-07-02','Cheshire Cat: now I shall see it written up somewhere.\' Down, down, down. Would the fall was over. Alice was so full of soup. \'There\'s certainly too much frightened that she remained the same when I.',36,92,'https://loremflickr.com/640/480/'),(26,'Frederic McLaughlin','Dr.',NULL,'1988-07-12','2019-07-17','Footman remarked, \'till tomorrow--\' At this the White Rabbit, \'but it seems to like her, down here, and I\'m I, and--oh dear, how puzzling it all seemed quite dull and stupid for life to go among mad.',3,7,'https://loremflickr.com/640/480/'),(27,'Gino Veum','Prof.',NULL,'1991-01-30','2005-05-24','So she tucked her arm affectionately into Alice\'s, and they all crowded together at one end of the sort. Next came the guests, mostly Kings and Queens, and among them Alice recognised the White.',82,36,'https://loremflickr.com/640/480/'),(28,'Mrs. Sonya Herman','Dr.',NULL,'2012-06-01','2011-02-09','Duchess. \'Everything\'s got a moral, if only you can find out the Fish-Footman was gone, and the three gardeners, oblong and flat, with their heads off?\' shouted the Queen say only yesterday you.',13,47,'https://loremflickr.com/640/480/'),(29,'Miss Julia Kulas','Prof.',NULL,'1979-12-13','1998-07-23','Alice went on, spreading out the verses on his spectacles. \'Where shall I begin, please your Majesty,\' said the Hatter. This piece of evidence we\'ve heard yet,\' said Alice; not that she was now, and.',5,75,'https://loremflickr.com/640/480/'),(30,'Margret McKenzie','Dr.',NULL,'2002-09-12','2010-10-25','The question is, Who in the face. \'I\'ll put a white one in by mistake; and if I would talk on such a thing. After a time there could be NO mistake about it: it was good manners for her to begin.\' He.',10,25,'https://loremflickr.com/640/480/'),(31,'Prof. Jeanie Koelpin IV','Prof.',NULL,'2000-01-21','2005-11-26','I suppose you\'ll be telling me next that you think I can listen all day to day.\' This was such a tiny little thing!\' said Alice, looking down with wonder at the picture.) \'Up, lazy thing!\' said.',60,79,'https://loremflickr.com/640/480/'),(32,'Pietro Green','Miss',NULL,'1988-08-14','2019-05-18','Rabbit just under the circumstances. There was a bright idea came into her head. \'If I eat one of the sort,\' said the King, and the Hatter added as an explanation. \'Oh, you\'re sure to make it stop..',61,85,'https://loremflickr.com/640/480/'),(33,'Dr. Salvador Beahan Jr.','Dr.',NULL,'1971-09-02','1992-10-04','Duchess, \'chop off her knowledge, as there seemed to Alice with one foot. \'Get up!\' said the Mock Turtle Soup is made from,\' said the Mock Turtle replied in a twinkling! Half-past one, time for.',19,71,'https://loremflickr.com/640/480/'),(34,'Mrs. Sasha Kovacek','Prof.',NULL,'2017-06-09','1972-11-10','Alice tried to open them again, and put it more clearly,\' Alice replied very gravely. \'What else have you executed.\' The miserable Hatter dropped his teacup and bread-and-butter, and went by without.',16,35,'https://loremflickr.com/640/480/'),(35,'Micaela Larkin III','Mrs.',NULL,'1985-07-07','1988-05-24','But they HAVE their tails in their mouths; and the bright eager eyes were looking up into a chrysalis--you will some day, you know--and then after that savage Queen: so she went on: \'--that begins.',6,53,'https://loremflickr.com/640/480/'),(36,'Eldridge Robel','Prof.',NULL,'1977-01-15','2020-07-01','So she began thinking over all the creatures order one about, and called out in a hurried nervous manner, smiling at everything about her, to pass away the time. Alice had got its head impatiently,.',85,19,'https://loremflickr.com/640/480/'),(37,'Fabiola Dibbert','Ms.',NULL,'2016-05-25','1999-12-10','Crab took the place of the e--e--evening, Beautiful, beautiful Soup! Beau--ootiful Soo--oop! Soo--oop of the leaves: \'I should like to try the whole party swam to the Mock Turtle went on growing,.',9,18,'https://loremflickr.com/640/480/'),(38,'Prof. Dana Ruecker II','Prof.',NULL,'1983-03-16','2012-12-27','CHORUS. (In which the March Hare interrupted, yawning. \'I\'m getting tired of swimming about here, O Mouse!\' (Alice thought this must ever be A secret, kept from all the jelly-fish out of the court..',79,90,'https://loremflickr.com/640/480/'),(39,'Alyce Nicolas','Ms.',NULL,'1996-08-10','1979-06-15','Mock Turtle. Alice was just going to dive in among the party. Some of the miserable Mock Turtle. So she tucked it away under her arm, that it ought to speak, and no one to listen to me! I\'LL soon.',9,88,'https://loremflickr.com/640/480/'),(40,'Daphne Runolfsson','Prof.',NULL,'1995-01-12','1997-12-08','Queen, \'Really, my dear, and that in the wood, \'is to grow larger again, and made another rush at the Gryphon went on, half to herself, \'the way all the children she knew, who might do very well as.',4,66,'https://loremflickr.com/640/480/'),(41,'Mr. Matteo Roob IV','Mr.',NULL,'1973-10-03','1976-11-01','Hatter, it woke up again with a great hurry. \'You did!\' said the Mock Turtle, capering wildly about. \'Change lobsters again!\' yelled the Gryphon replied rather crossly: \'of course you know what it.',81,47,'https://loremflickr.com/640/480/'),(42,'Isabelle Purdy II','Mrs.',NULL,'1987-07-04','1984-12-30','I\'m perfectly sure I don\'t want to stay with it as far down the chimney?--Nay, I shan\'t! YOU do it!--That I won\'t, then!--Bill\'s to go after that savage Queen: so she began looking at Alice as she.',56,41,'https://loremflickr.com/640/480/'),(43,'Loy Kshlerin PhD','Mrs.',NULL,'1973-04-14','1995-12-29','In the very middle of one! There ought to be two people! Why, there\'s hardly room for this, and she tried to say a word, but slowly followed her back to the King, \'or I\'ll have you got in your.',49,59,'https://loremflickr.com/640/480/'),(44,'Santa Ritchie IV','Dr.',NULL,'2019-09-17','1995-06-27','Go on!\' \'I\'m a poor man,\' the Hatter grumbled: \'you shouldn\'t have put it right; \'not that it was a long time together.\' \'Which is just the case with my wife; And the executioner ran wildly up and.',54,91,'https://loremflickr.com/640/480/'),(45,'Jay Harris','Mr.',NULL,'1986-10-21','1999-03-18','Alice in a pleased tone. \'Pray don\'t trouble yourself to say it any longer than that,\' said the King, looking round the hall, but they were filled with tears again as she picked her way through the.',86,82,'https://loremflickr.com/640/480/'),(46,'Ari Rice','Prof.',NULL,'1996-02-04','1995-10-12','Alice, \'and if it had been. But her sister sat still and said to Alice, they all looked puzzled.) \'He must have got in as well,\' the Hatter continued, \'in this way:-- \"Up above the world am I? Ah,.',71,11,'https://loremflickr.com/640/480/'),(47,'Nichole Weissnat','Prof.',NULL,'1975-09-10','2010-09-05','Alice had got to grow up any more if you\'d like it put the Lizard in head downwards, and the Queen was to get in?\' \'There might be hungry, in which case it would not join the dance?\"\' \'Thank you,.',6,78,'https://loremflickr.com/640/480/'),(48,'Hank Emmerich','Miss',NULL,'2010-03-29','1995-02-27','I know all the arches are gone from this side of the trees behind him. \'--or next day, maybe,\' the Footman continued in the wood, \'is to grow here,\' said the Dormouse; \'--well in.\' This answer so.',77,9,'https://loremflickr.com/640/480/'),(49,'Reynold Watsica Sr.','Miss',NULL,'2002-11-26','2005-08-18','Yet you balanced an eel on the floor, as it went. So she tucked her arm affectionately into Alice\'s, and they went on again:-- \'I didn\'t mean it!\' pleaded poor Alice in a day did you begin?\' The.',23,34,'https://loremflickr.com/640/480/'),(50,'Ms. Alyson Mante DVM','Dr.',NULL,'2017-05-23','1992-02-19','But she went on, \'and most of \'em do.\' \'I don\'t quite understand you,\' she said, as politely as she picked her way into that lovely garden. First, however, she went on. Her listeners were perfectly.',64,15,'https://loremflickr.com/640/480/'),(51,'Tara Ankunding','Prof.',NULL,'1982-08-24','1998-06-21','I will prosecute YOU.--Come, I\'ll take no denial; We must have been a holiday?\' \'Of course it was,\' the March Hare. Alice was very likely it can be,\' said the Hatter, \'you wouldn\'t talk about her.',24,22,'https://loremflickr.com/640/480/'),(52,'Bennie Schowalter','Mr.',NULL,'1985-04-03','1981-10-03','There was a little of her hedgehog. The hedgehog was engaged in a melancholy air, and, after waiting till she heard a voice she had plenty of time as she came rather late, and the pair of white kid.',42,32,'https://loremflickr.com/640/480/'),(53,'Dr. Paris Pfeffer V','Dr.',NULL,'1980-12-13','1977-05-09','The table was a very hopeful tone though), \'I won\'t have any rules in particular; at least, if there are, nobody attends to them--and you\'ve no idea what a wonderful dream it had some kind of.',28,44,'https://loremflickr.com/640/480/'),(54,'Christine Christiansen','Prof.',NULL,'1998-12-06','1970-02-16','Bill! the master says you\'re to go through next walking about at the end of every line: \'Speak roughly to your tea; it\'s getting late.\' So Alice began to feel which way she put her hand again, and.',19,21,'https://loremflickr.com/640/480/'),(55,'Ms. Natasha Lindgren','Mrs.',NULL,'1998-06-10','2000-11-22','March Hare. Alice sighed wearily. \'I think I must go by the way YOU manage?\' Alice asked. The Hatter was the first sentence in her lessons in the sky. Twinkle, twinkle--\"\' Here the other side of the.',6,51,'https://loremflickr.com/640/480/'),(56,'Osbaldo Gleichner','Prof.',NULL,'2000-08-25','1990-12-14','Alice heard the Queen\'s absence, and were quite dry again, the cook was leaning over the fire, stirring a large mushroom growing near her, she began, in a large cauldron which seemed to quiver all.',16,41,'https://loremflickr.com/640/480/'),(57,'Rosa Haag','Ms.',NULL,'1996-06-10','1993-10-14','Alice as he said do. Alice looked up, and there was a good deal worse off than before, as the March Hare went \'Sh! sh!\' and the shrill voice of thunder, and people began running about in a furious.',67,98,'https://loremflickr.com/640/480/'),(58,'Jorge Emmerich','Dr.',NULL,'1975-06-07','2019-01-04','Mock Turtle would be worth the trouble of getting up and down, and the words don\'t FIT you,\' said the Caterpillar decidedly, and he poured a little bird as soon as she went on, without attending to.',70,43,'https://loremflickr.com/640/480/'),(59,'Aubrey Considine','Miss',NULL,'1997-02-21','1972-01-22','Alice was just saying to her that she still held the pieces of mushroom in her hand, and a large cauldron which seemed to be an advantage,\' said Alice, and looking at everything about her, to pass.',26,59,'https://loremflickr.com/640/480/'),(60,'Riley Huels','Dr.',NULL,'1988-08-22','1988-01-20','How puzzling all these changes are! I\'m never sure what I\'m going to begin with; and being so many lessons to learn! No, I\'ve made up my mind about it; and as it was impossible to say which), and.',96,14,'https://loremflickr.com/640/480/'),(61,'Buford Reilly','Prof.',NULL,'1976-09-20','1981-10-05','Mind now!\' The poor little juror (it was exactly three inches high). \'But I\'m NOT a serpent, I tell you, you coward!\' and at last it unfolded its arms, took the opportunity of saying to herself.',88,12,'https://loremflickr.com/640/480/'),(62,'Prof. Rodrigo Paucek','Mrs.',NULL,'2004-06-06','1977-04-25','I should have croqueted the Queen\'s voice in the common way. So she swallowed one of its voice. \'Back to land again, and we won\'t talk about cats or dogs either, if you cut your finger VERY deeply.',39,37,'https://loremflickr.com/640/480/'),(63,'Kyler Bergnaum','Dr.',NULL,'2005-01-10','1996-02-23','Caterpillar. \'Well, perhaps you were all locked; and when she had to fall upon Alice, as she couldn\'t answer either question, it didn\'t much matter which way I want to see the Queen. \'Sentence.',81,1,'https://loremflickr.com/640/480/'),(64,'Alexys Hackett','Mr.',NULL,'1998-09-14','2008-08-13','Why, I wouldn\'t be so easily offended!\' \'You\'ll get used up.\' \'But what happens when you have of putting things!\' \'It\'s a friend of mine--a Cheshire Cat,\' said Alice: \'allow me to introduce some.',84,15,'https://loremflickr.com/640/480/'),(65,'Lavonne Dicki','Mr.',NULL,'2004-02-06','2007-12-05','So Alice got up and ran the faster, while more and more sounds of broken glass. \'What a funny watch!\' she remarked. \'It tells the day of the table, but there were TWO little shrieks, and more.',16,64,'https://loremflickr.com/640/480/'),(66,'Mrs. Veda Harber','Prof.',NULL,'1971-08-19','2012-07-15','I look like one, but it puzzled her a good opportunity for making her escape; so she set off at once, in a low, weak voice. \'Now, I give you fair warning,\' shouted the Queen, \'and take this young.',15,3,'https://loremflickr.com/640/480/'),(67,'Helena Ernser','Prof.',NULL,'2002-10-05','2018-01-31','King. \'Nearly two miles high,\' added the Hatter, who turned pale and fidgeted. \'Give your evidence,\' said the Queen. \'Never!\' said the Hatter. \'I told you butter wouldn\'t suit the works!\' he added.',28,10,'https://loremflickr.com/640/480/'),(68,'Neva Simonis','Dr.',NULL,'1984-10-11','2022-07-10','Silence all round, if you cut your finger VERY deeply with a teacup in one hand, and Alice was silent. The Dormouse slowly opened his eyes very wide on hearing this; but all he SAID was, \'Why is a.',37,37,'https://loremflickr.com/640/480/'),(69,'Ciara Kub V','Mrs.',NULL,'2003-02-10','1983-03-18','Rabbit\'s voice along--\'Catch him, you by the carrier,\' she thought; \'and how funny it\'ll seem, sending presents to one\'s own feet! And how odd the directions will look! ALICE\'S RIGHT FOOT, ESQ..',95,97,'https://loremflickr.com/640/480/'),(70,'Megane Ledner','Mr.',NULL,'1987-03-17','2013-08-12','Mock Turtle, suddenly dropping his voice; and the moment how large she had hurt the poor little feet, I wonder if I would talk on such a thing. After a while, finding that nothing more happened, she.',79,67,'https://loremflickr.com/640/480/'),(71,'Emmalee Schmidt','Mrs.',NULL,'2018-07-14','1992-08-22','Hatter hurriedly left the court, she said to a lobster--\' (Alice began to cry again, for really I\'m quite tired and out of a bottle. They all made of solid glass; there was the White Rabbit.',41,23,'https://loremflickr.com/640/480/'),(72,'Lela Donnelly','Dr.',NULL,'1981-06-04','2015-07-14','Was kindly permitted to pocket the spoon: While the Duchess asked, with another dig of her sharp little chin into Alice\'s shoulder as he spoke, and then dipped suddenly down, so suddenly that Alice.',26,45,'https://loremflickr.com/640/480/'),(73,'Pinkie Kessler','Miss',NULL,'2021-06-28','2010-09-02','CHORUS. \'Wow! wow! wow!\' While the Owl had the dish as its share of the trees as well say this), \'to go on with the next moment a shower of saucepans, plates, and dishes. The Duchess took no notice.',93,12,'https://loremflickr.com/640/480/'),(74,'Katharina Lebsack','Dr.',NULL,'2009-05-28','1994-10-27','Alice looked all round the hall, but they all moved off, and that you had been running half an hour or so, and were resting in the beautiful garden, among the leaves, which she had got burnt, and.',99,55,'https://loremflickr.com/640/480/'),(75,'Noe Dietrich I','Mr.',NULL,'2019-06-14','2006-11-05','The Mouse only growled in reply. \'Please come back again, and she ran off at once in her life, and had to do it! Oh dear! I\'d nearly forgotten that I\'ve got to grow larger again, and did not get.',76,23,'https://loremflickr.com/640/480/'),(76,'Zackery Mraz','Dr.',NULL,'1978-08-29','1995-12-01','I or she should push the matter worse. You MUST have meant some mischief, or else you\'d have signed your name like an arrow. The Cat\'s head with great emphasis, looking hard at Alice as he wore his.',90,56,'https://loremflickr.com/640/480/'),(77,'Miss Matilda Bosco','Prof.',NULL,'2000-09-10','1995-03-04','The Cat\'s head began fading away the moment she appeared; but she heard it muttering to himself as he said in a low, timid voice, \'If you please, sir--\' The Rabbit started violently, dropped the.',72,22,'https://loremflickr.com/640/480/'),(78,'Fannie Conroy','Ms.',NULL,'2004-04-28','2021-07-02','Mock Turtle replied in an offended tone, \'so I should say \"With what porpoise?\"\' \'Don\'t you mean by that?\' said the Gryphon: and it was out of the tail, and ending with the strange creatures of her.',78,99,'https://loremflickr.com/640/480/'),(79,'Claudia Little','Miss',NULL,'1978-10-07','1989-11-15','Lizard in head downwards, and the second thing is to give the hedgehog a blow with its arms and legs in all directions, tumbling up against each other; however, they got settled down again, the Dodo.',78,42,'https://loremflickr.com/640/480/'),(80,'Tremayne Stanton','Miss',NULL,'1976-07-05','1971-11-15','So you see, as she heard the Rabbit asked. \'No, I didn\'t,\' said Alice: \'three inches is such a thing I ever was at the bottom of a tree. By the time he was obliged to have it explained,\' said the.',92,11,'https://loremflickr.com/640/480/'),(81,'Mr. Demond Volkman','Prof.',NULL,'2000-02-19','2003-07-28','Alice. \'Stand up and said, \'So you think you can find out the words: \'Where\'s the other paw, \'lives a March Hare. Visit either you like: they\'re both mad.\' \'But I don\'t believe there\'s an atom of.',9,42,'https://loremflickr.com/640/480/'),(82,'Darion Raynor Jr.','Prof.',NULL,'2007-02-08','1970-04-10','Duchess, who seemed to be nothing but a pack of cards!\' At this moment the door that led into the Dormouse\'s place, and Alice looked round, eager to see its meaning. \'And just as she had someone to.',47,71,'https://loremflickr.com/640/480/'),(83,'Miss Gia Romaguera DVM','Prof.',NULL,'2005-03-26','2007-01-07','It was the first figure!\' said the King. Here one of the bread-and-butter. Just at this corner--No, tie \'em together first--they don\'t reach half high enough yet--Oh! they\'ll do well enough; and.',13,57,'https://loremflickr.com/640/480/'),(84,'Sasha Crooks','Ms.',NULL,'2015-04-26','2003-02-04','I should be raving mad after all! I almost think I can reach the key; and if the Mock Turtle. \'Seals, turtles, salmon, and so on.\' \'What a pity it wouldn\'t stay!\' sighed the Hatter. This piece of it.',94,87,'https://loremflickr.com/640/480/'),(85,'Ward Cassin','Dr.',NULL,'2011-03-01','2015-08-17','Alice said nothing; she had found her way through the little thing sat down again in a sorrowful tone; \'at least there\'s no use now,\' thought Alice, and she had someone to listen to her. \'I can tell.',21,91,'https://loremflickr.com/640/480/'),(86,'Antonietta Wintheiser MD','Prof.',NULL,'1998-03-01','2018-04-27','Dormouse, after thinking a minute or two, and the moon, and memory, and muchness--you know you say it.\' \'That\'s nothing to do.\" Said the mouse doesn\'t get out.\" Only I don\'t like the right house,.',45,43,'https://loremflickr.com/640/480/'),(87,'Prof. Cara Stark Sr.','Mr.',NULL,'1980-04-29','1988-05-13','Alice, who was beginning very angrily, but the Hatter instead!\' CHAPTER VII. A Mad Tea-Party There was a little scream of laughter. \'Oh, hush!\' the Rabbit just under the sea--\' (\'I haven\'t,\' said.',91,40,'https://loremflickr.com/640/480/'),(88,'Leda Mayer','Miss',NULL,'1988-12-18','2010-03-25','ONE with such a very difficult game indeed. The players all played at once to eat the comfits: this caused some noise and confusion, as the doubled-up soldiers were always getting up and say \"How.',65,57,'https://loremflickr.com/640/480/'),(89,'Monserrate Anderson','Prof.',NULL,'1985-10-17','1992-06-18','YOU with us!\"\' \'They were obliged to write this down on one side, to look at it!\' This speech caused a remarkable sensation among the leaves, which she had wept when she was dozing off, and Alice.',42,24,'https://loremflickr.com/640/480/'),(90,'Althea Senger','Mr.',NULL,'1976-08-16','1982-08-30','Queen said to herself, and began by producing from under his arm a great hurry. An enormous puppy was looking about for them, and the March Hare. \'Yes, please do!\' but the Gryphon whispered in.',6,52,'https://loremflickr.com/640/480/'),(91,'Justyn Haag','Dr.',NULL,'1977-12-21','1979-08-31','Mock Turtle. \'And how do you know about this business?\' the King very decidedly, and there was a general chorus of voices asked. \'Why, SHE, of course,\' the Dodo could not help bursting out laughing:.',42,62,'https://loremflickr.com/640/480/'),(92,'Hulda Kling DDS','Prof.',NULL,'1996-12-19','1987-02-05','Our family always HATED cats: nasty, low, vulgar things! Don\'t let me help to undo it!\' \'I shall sit here,\' he said, \'on and off, for days and days.\' \'But what happens when one eats cake, but Alice.',24,22,'https://loremflickr.com/640/480/'),(93,'Prof. Easter Altenwerth DDS','Prof.',NULL,'1981-10-26','2022-02-08','Lizard\'s slate-pencil, and the King said, for about the whiting!\' \'Oh, as to go nearer till she had read several nice little dog near our house I should like it very much,\' said the Hatter: \'but you.',99,18,'https://loremflickr.com/640/480/'),(94,'Chelsea Bartoletti','Ms.',NULL,'1989-12-23','1970-08-26','I\'m somebody else\"--but, oh dear!\' cried Alice again, for this curious child was very deep, or she should push the matter worse. You MUST have meant some mischief, or else you\'d have signed your.',45,21,'https://loremflickr.com/640/480/'),(95,'Braxton Kling','Prof.',NULL,'1989-07-09','1990-08-31','I wonder what was on the trumpet, and then said \'The fourth.\' \'Two days wrong!\' sighed the Hatter. \'It isn\'t mine,\' said the King, with an M, such as mouse-traps, and the second thing is to do such.',15,90,'https://loremflickr.com/640/480/'),(96,'Jadon Ullrich V','Dr.',NULL,'1995-10-03','1977-03-30','Dormouse shall!\' they both bowed low, and their slates and pencils had been broken to pieces. \'Please, then,\' said the White Rabbit hurried by--the frightened Mouse splashed his way through the air!.',89,68,'https://loremflickr.com/640/480/'),(97,'Walker Hand','Prof.',NULL,'2003-06-20','2015-06-02','WILL do next! If they had any sense, they\'d take the place where it had entirely disappeared; so the King exclaimed, turning to Alice: he had to do it! Oh dear! I\'d nearly forgotten to ask.\' \'It.',74,31,'https://loremflickr.com/640/480/'),(98,'Zella Connelly','Mr.',NULL,'2005-11-18','2019-12-14','Knave. The Knave of Hearts, she made out that she began thinking over all the jurors were writing down \'stupid things!\' on their slates, and then a row of lodging houses, and behind it, it occurred.',61,16,'https://loremflickr.com/640/480/'),(99,'Summer Kemmer','Dr.',NULL,'1992-01-07','1983-03-30','ARE OLD, FATHER WILLIAM,\"\' said the March Hare. \'It was the White Rabbit read out, at the other, saying, in a low voice, \'Your Majesty must cross-examine THIS witness.\' \'Well, if I fell off the.',66,25,'https://loremflickr.com/640/480/'),(100,'Flo Hermiston','Prof.',NULL,'1991-09-19','2022-07-27','I wish you wouldn\'t squeeze so.\' said the March Hare said to herself, \'whenever I eat one of its mouth, and its great eyes half shut. This seemed to be ashamed of yourself,\' said Alice, seriously,.',47,23,'https://loremflickr.com/640/480/'),(101,'Ahmad Hintz Sr.','Dr.',NULL,'1986-03-10','2001-02-13','Rabbit came near her, she began, in a Little Bill It was so large a house, that she had known them all her riper years, the simple rules their friends had taught them: such as, \'Sure, I don\'t care.',68,19,'https://loremflickr.com/640/480/'),(102,'Dr. Mireya Lynch','Prof.',NULL,'2008-06-25','1994-05-13','CHAPTER VI. Pig and Pepper For a minute or two, which gave the Pigeon went on, \'if you only walk long enough.\' Alice felt so desperate that she was beginning to feel very uneasy: to be patted on the.',79,11,'https://loremflickr.com/640/480/'),(103,'Enoch Hills','Dr.',NULL,'2014-07-07','1972-07-25','WOULD always get into her eyes--and still as she spoke--fancy CURTSEYING as you\'re falling through the neighbouring pool--she could hear the very middle of one! There ought to have the experiment.',60,4,'https://loremflickr.com/640/480/'),(104,'Javier Wintheiser','Prof.',NULL,'1990-07-04','1987-01-09','The long grass rustled at her feet, for it was a good deal frightened by this time). \'Don\'t grunt,\' said Alice; \'that\'s not at all comfortable, and it set to work very carefully, remarking, \'I.',45,53,'https://loremflickr.com/640/480/'),(105,'Prof. Diamond Haag','Miss',NULL,'2011-12-14','2012-11-01','Dormouse turned out, and, by the officers of the singers in the wood, \'is to grow here,\' said the King very decidedly, and the Dormouse turned out, and, by the officers of the trees as well be at.',67,48,'https://loremflickr.com/640/480/'),(106,'Elda Erdman','Prof.',NULL,'1972-09-14','1975-01-30','By the time he had taken advantage of the other side. The further off from England the nearer is to find her way out. \'I shall sit here,\' the Footman went on in a thick wood. \'The first thing I\'ve.',67,34,'https://loremflickr.com/640/480/'),(107,'Marilie Hammes','Miss',NULL,'1997-10-25','1985-07-29','BEST butter, you know.\' \'Not the same thing, you know.\' It was, no doubt: only Alice did not like to go on. \'And so these three weeks!\' \'I\'m very sorry you\'ve been annoyed,\' said Alice, who was.',40,28,'https://loremflickr.com/640/480/'),(108,'Ms. Gerry Russel III','Mr.',NULL,'2002-08-28','1981-03-13','Alice, surprised at this, she came rather late, and the shrill voice of thunder, and people began running when they liked, so that altogether, for the hedgehogs; and in his throat,\' said the Queen..',25,37,'https://loremflickr.com/640/480/'),(109,'Assunta Kub','Mr.',NULL,'2005-08-08','1978-01-21','Alice, that she had got burnt, and eaten up by wild beasts and other unpleasant things, all because they WOULD go with the grin, which remained some time busily writing in his confusion he bit a.',76,46,'https://loremflickr.com/640/480/'),(110,'Jeramie Stracke','Dr.',NULL,'1988-08-25','1975-07-25','Writhing, of course, Alice could only hear whispers now and then, and holding it to be almost out of its mouth open, gazing up into the Dormouse\'s place, and Alice was very nearly getting up and beg.',84,89,'https://loremflickr.com/640/480/'),(111,'Prof. Daija Wolf IV','Prof.',NULL,'1993-10-26','2023-02-27','And concluded the banquet--] \'What IS the use of this rope--Will the roof of the guinea-pigs cheered, and was just in time to begin with,\' the Mock Turtle. \'Very much indeed,\' said Alice. \'I wonder.',44,98,'https://loremflickr.com/640/480/'),(112,'Macey Nikolaus IV','Prof.',NULL,'1992-08-04','1997-08-23','OURS they had at the March Hare. \'It was a table set out under a tree in the beautiful garden, among the bright eager eyes were nearly out of it, and fortunately was just in time to wash the things.',46,63,'https://loremflickr.com/640/480/'),(113,'Mrs. Rebekah Schamberger','Mr.',NULL,'1979-08-06','2006-12-26','Mock Turtle sighed deeply, and drew the back of one flapper across his eyes. \'I wasn\'t asleep,\' he said in a low, hurried tone. He looked at Alice, as she remembered having seen in her pocket, and.',85,88,'https://loremflickr.com/640/480/'),(114,'Yasmine Herzog','Mr.',NULL,'2002-12-24','2016-04-28','Alice had been looking over their heads. She felt that there was Mystery,\' the Mock Turtle went on in the sand with wooden spades, then a voice she had sat down at her with large eyes like a.',36,49,'https://loremflickr.com/640/480/'),(115,'Carole Crona','Prof.',NULL,'2004-03-14','2008-06-18','Alice, every now and then at the beginning,\' the King said to herself that perhaps it was a dead silence instantly, and Alice was not a moment that it is!\' \'Why should it?\' muttered the Hatter. He.',36,70,'https://loremflickr.com/640/480/'),(116,'Hershel Hintz','Prof.',NULL,'1997-11-16','2003-06-19','Then it got down off the mushroom, and raised herself to some tea and bread-and-butter, and went to school in the lap of her favourite word \'moral,\' and the cool fountains. CHAPTER VIII. The Queen\'s.',82,48,'https://loremflickr.com/640/480/'),(117,'Robbie Barrows','Mr.',NULL,'2007-12-14','1980-02-07','Alice, in a moment that it made Alice quite hungry to look over their heads. She felt very lonely and low-spirited. In a little girl or a serpent?\' \'It matters a good many voices all talking.',55,1,'https://loremflickr.com/640/480/'),(118,'Jean Schaefer','Mrs.',NULL,'1974-06-09','2007-08-24','It means much the most interesting, and perhaps after all it might end, you know,\' Alice gently remarked; \'they\'d have been ill.\' \'So they were,\' said the Mock Turtle replied, counting off the cake..',46,20,'https://loremflickr.com/640/480/'),(119,'Dr. Devin Renner Jr.','Prof.',NULL,'1985-06-16','1982-07-28','King. \'It began with the bones and the fan, and skurried away into the garden. Then she went round the rosetree; for, you see, as she ran; but the great question certainly was, what? Alice looked.',79,14,'https://loremflickr.com/640/480/'),(120,'Hillary Koss','Dr.',NULL,'2007-08-23','1973-07-22','Mock Turtle a little shriek and a pair of gloves and the Hatter added as an unusually large saucepan flew close by it, and yet it was the Duchess\'s cook. She carried the pepper-box in her head, and.',99,44,'https://loremflickr.com/640/480/'),(121,'Louie Thompson','Prof.',NULL,'1979-05-13','1979-08-27','Alice said; \'there\'s a large piece out of a well?\' The Dormouse had closed its eyes were getting so thin--and the twinkling of the tea--\' \'The twinkling of the room again, no wonder she felt that.',29,54,'https://loremflickr.com/640/480/'),(122,'Liliane Ferry','Dr.',NULL,'2011-06-11','1995-10-11','Alice ventured to taste it, and found in it about four feet high. \'I wish I could say if I chose,\' the Duchess was sitting on a crimson velvet cushion; and, last of all this time. \'I want a clean.',37,55,'https://loremflickr.com/640/480/'),(123,'Josiah Mann','Prof.',NULL,'1980-08-19','1988-02-18','The door led right into it. \'That\'s very curious!\' she thought. \'But everything\'s curious today. I think I can guess that,\' she added in a helpless sort of a well?\' \'Take some more tea,\' the Hatter.',39,100,'https://loremflickr.com/640/480/'),(124,'Sam Renner','Mrs.',NULL,'1972-10-07','2007-07-25','Mouse, turning to the conclusion that it led into a line along the passage into the garden door. Poor Alice! It was so much already, that it would be four thousand miles down, I think--\' (she was so.',39,30,'https://loremflickr.com/640/480/'),(125,'Prof. Damion Berge II','Prof.',NULL,'1973-11-25','1996-12-31','Alice thought over all she could not think of nothing else to say to this: so she began nursing her child again, singing a sort of a good deal frightened at the door-- Pray, what is the same thing,.',52,25,'https://loremflickr.com/640/480/'),(126,'Maegan Brown','Prof.',NULL,'1983-07-26','1993-07-21','Alice; \'living at the stick, and tumbled head over heels in its hurry to change the subject of conversation. \'Are you--are you fond--of--of dogs?\' The Mouse only growled in reply. \'That\'s right!\'.',57,50,'https://loremflickr.com/640/480/'),(127,'Joshua Orn','Miss',NULL,'2003-01-11','1984-10-18','I\'m afraid, but you might like to have no idea how confusing it is to give the prizes?\' quite a new idea to Alice, flinging the baby joined):-- \'Wow! wow! wow!\' \'Here! you may stand down,\' continued.',74,97,'https://loremflickr.com/640/480/'),(128,'Natalia Lebsack MD','Prof.',NULL,'2011-03-20','1971-10-23','Hatter said, turning to the confused clamour of the teacups as the soldiers remaining behind to execute the unfortunate gardeners, who ran to Alice an excellent opportunity for repeating his remark,.',18,11,'https://loremflickr.com/640/480/'),(129,'Shanon Mohr','Mr.',NULL,'1988-12-20','2007-10-22','Footman went on in these words: \'Yes, we went to him,\' said Alice timidly. \'Would you like the look of things at all, as the jury had a wink of sleep these three weeks!\' \'I\'m very sorry you\'ve been.',53,33,'https://loremflickr.com/640/480/'),(130,'Dr. Edwina Parisian Sr.','Mr.',NULL,'2005-03-03','1974-04-26','THE VOICE OF THE SLUGGARD,\"\' said the Mock Turtle to sing you a present of everything I\'ve said as yet.\' \'A cheap sort of lullaby to it in large letters. It was so full of soup. \'There\'s certainly.',4,42,'https://loremflickr.com/640/480/'),(131,'Alexzander Wiza','Prof.',NULL,'2023-08-14','1978-01-24','Dinn may be,\' said the Cat, \'a dog\'s not mad. You grant that?\' \'I suppose they are the jurors.\' She said the King, \'and don\'t be nervous, or I\'ll kick you down stairs!\' \'That is not said right,\'.',39,71,'https://loremflickr.com/640/480/'),(132,'Prof. Angelo Doyle','Prof.',NULL,'1983-02-16','2005-12-31','Some of the wood--(she considered him to you, Though they were filled with tears running down his brush, and had to do such a rule at processions; \'and besides, what would happen next. \'It\'s--it\'s a.',3,50,'https://loremflickr.com/640/480/'),(133,'Adrain Lang','Prof.',NULL,'2000-08-04','1981-09-04','Dormouse, and repeated her question. \'Why did they draw the treacle from?\' \'You can draw water out of sight, they were all ornamented with hearts. Next came an angry voice--the Rabbit\'s--\'Pat! Pat!.',65,74,'https://loremflickr.com/640/480/'),(134,'Consuelo Harvey','Mr.',NULL,'1982-08-25','1979-03-27','I should have croqueted the Queen\'s voice in the kitchen. \'When I\'M a Duchess,\' she said to the jury. \'Not yet, not yet!\' the Rabbit say, \'A barrowful will do, to begin with; and being ordered about.',46,10,'https://loremflickr.com/640/480/'),(135,'Linnie Stamm','Dr.',NULL,'2006-03-15','2007-06-19','Alice felt a violent blow underneath her chin: it had grown so large in the direction in which case it would be a queer thing, to be lost, as she could, \'If you please, sir--\' The Rabbit started.',88,16,'https://loremflickr.com/640/480/'),(136,'Miss Rebeka Jacobs','Dr.',NULL,'1977-03-08','1975-03-26','Soup! Soup of the evening, beautiful Soup! \'Beautiful Soup! Who cares for fish, Game, or any other dish? Who would not give all else for two Pennyworth only of beautiful Soup? Beau--ootiful.',72,48,'https://loremflickr.com/640/480/'),(137,'Paxton Robel','Mrs.',NULL,'2017-02-18','2008-08-06','COULD grin.\' \'They all can,\' said the voice. \'Fetch me my gloves this moment!\' Then came a rumbling of little birds and beasts, as well say,\' added the Dormouse, after thinking a minute or two, it.',2,48,'https://loremflickr.com/640/480/'),(138,'Lori Kuvalis','Dr.',NULL,'2016-06-11','1983-04-13','Queen,\' and she looked up, and there stood the Queen was silent. The King and Queen of Hearts were seated on their backs was the first witness,\' said the March Hare. \'Exactly so,\' said Alice. \'Why,.',20,1,'https://loremflickr.com/640/480/'),(139,'Zaria Stiedemann','Mr.',NULL,'2002-10-04','2007-08-03','And it\'ll fetch things when you throw them, and the others took the least notice of her going, though she knew she had nothing yet,\' Alice replied very solemnly. Alice was more and more faintly.',20,43,'https://loremflickr.com/640/480/'),(140,'Cheyanne Tromp','Ms.',NULL,'1987-04-04','1999-07-19','Miss, we\'re doing our best, afore she comes, to--\' At this the White Rabbit; \'in fact, there\'s nothing written on the door with his whiskers!\' For some minutes the whole thing, and longed to get an.',88,26,'https://loremflickr.com/640/480/'),(141,'Carrie Stark','Dr.',NULL,'2009-06-18','1973-12-24','I\'m Mabel, I\'ll stay down here with me! There are no mice in the middle. Alice kept her eyes filled with cupboards and book-shelves; here and there stood the Queen was in the chimney as she went on,.',25,66,'https://loremflickr.com/640/480/'),(142,'Ms. Lera Gerlach','Mrs.',NULL,'2010-08-14','2017-04-08','Alice; \'all I know THAT well enough; and what does it matter to me whether you\'re nervous or not.\' \'I\'m a poor man, your Majesty,\' the Hatter began, in a very small cake, on which the cook had.',87,95,'https://loremflickr.com/640/480/'),(143,'Piper Wiza','Dr.',NULL,'2010-01-17','2000-06-26','I could let you out, you know.\' He was looking down with wonder at the door--I do wish they COULD! I\'m sure she\'s the best cat in the sea. The master was an old crab, HE was.\' \'I never heard it say.',19,14,'https://loremflickr.com/640/480/'),(144,'Abigale Wilderman','Dr.',NULL,'1979-07-08','2014-06-19','Alice. \'It goes on, you know,\' said the King: \'however, it may kiss my hand if it had been, it suddenly appeared again. \'By-the-bye, what became of the edge of the tea--\' \'The twinkling of the same.',27,8,'https://loremflickr.com/640/480/'),(145,'Ms. Naomi Fahey DVM','Ms.',NULL,'2011-12-24','1993-01-06','I used to know. Let me see: I\'ll give them a new idea to Alice, she went on: \'--that begins with a yelp of delight, which changed into alarm in another moment, when she first saw the White Rabbit.',25,100,'https://loremflickr.com/640/480/'),(146,'Dr. Malcolm Lockman','Ms.',NULL,'1995-08-11','2008-12-17','Alice severely. \'What are they made of?\' Alice asked in a tone of great dismay, and began bowing to the jury, of course--\"I GAVE HER ONE, THEY GAVE HIM TWO--\" why, that must be the right word).',77,99,'https://loremflickr.com/640/480/'),(147,'Ms. Blanche Medhurst','Miss',NULL,'2023-04-17','2001-07-11','Alice severely. \'What are they doing?\' Alice whispered to the executioner: \'fetch her here.\' And the moral of that is--\"Be what you mean,\' the March Hare. Visit either you like: they\'re both mad.\'.',100,39,'https://loremflickr.com/640/480/'),(148,'Viva Willms','Mr.',NULL,'1989-12-03','2009-12-21','Alice looked very uncomfortable. The first thing she heard was a real Turtle.\' These words were followed by a row of lamps hanging from the change: and Alice looked all round her head. \'If I eat or.',91,3,'https://loremflickr.com/640/480/'),(149,'Maryse Greenfelder','Mrs.',NULL,'1987-08-12','1971-01-16','It\'s enough to get dry very soon. \'Ahem!\' said the Duchess; \'and most things twinkled after that--only the March Hare: she thought it must make me giddy.\' And then, turning to the Gryphon. \'The.',89,78,'https://loremflickr.com/640/480/'),(150,'Gabriel Leffler','Prof.',NULL,'1981-06-12','1987-12-12','She was close behind her, listening: so she bore it as far down the little door was shut again, and she went on, turning to Alice, \'Have you guessed the riddle yet?\' the Hatter added as an.',95,87,'https://loremflickr.com/640/480/');
/*!40000 ALTER TABLE `Pessoa` ENABLE KEYS */;
UNLOCK TABLES;

--
-- Table structure for table `Voo`
--

DROP TABLE IF EXISTS `Voo`;
/*!40101 SET @saved_cs_client     = @@character_set_client */;
/*!40101 SET character_set_client = utf8 */;
CREATE TABLE `Voo` (
  `VooID` int(11) NOT NULL AUTO_INCREMENT,
  `NumPassageiros` int(11) DEFAULT NULL,
  `DataVoo` date DEFAULT NULL,
  `Origem` varchar(10) DEFAULT NULL,
  `Destino` varchar(10) DEFAULT NULL,
  `Nave` int(11) DEFAULT NULL,
  PRIMARY KEY (`VooID`),
  KEY `Origem` (`Origem`),
  KEY `Destino` (`Destino`),
  KEY `Nave` (`Nave`),
  CONSTRAINT `Voo_ibfk_1` FOREIGN KEY (`Origem`) REFERENCES `Aeroporto` (`Codigo`) ON DELETE SET NULL,
  CONSTRAINT `Voo_ibfk_2` FOREIGN KEY (`Destino`) REFERENCES `Aeroporto` (`Codigo`) ON DELETE SET NULL,
  CONSTRAINT `Voo_ibfk_3` FOREIGN KEY (`Nave`) REFERENCES `Aeronave` (`AeronaveID`) ON DELETE SET NULL
) ENGINE=InnoDB AUTO_INCREMENT=201 DEFAULT CHARSET=utf8mb4 COLLATE=utf8mb4_unicode_ci;
/*!40101 SET character_set_client = @saved_cs_client */;

--
-- Dumping data for table `Voo`
--

LOCK TABLES `Voo` WRITE;
/*!40000 ALTER TABLE `Voo` DISABLE KEYS */;
INSERT INTO `Voo` VALUES (1,1,'2002-12-01','fomu','utne',5),(2,3,'1981-07-04','lkqq','ceht',7),(3,7,'1993-06-16','rnic','zimy',5),(4,2,'2004-04-27','viql','vntu',8),(5,2,'1971-04-17','btms','ibrl',3),(6,4,'1971-03-07','inxd','yovf',1),(7,2,'2017-02-01','ufjx','kabp',1),(8,8,'1994-10-14','kcze','nlqf',6),(9,3,'1999-02-13','lkqq','ibrl',9),(10,4,'1981-10-22','zzkm','lhls',2),(11,1,'1983-08-24','tlcz','rean',3),(12,1,'1979-02-24','rean','fybt',5),(13,5,'2018-09-25','nrpy','svmz',5),(14,8,'2007-12-13','zatk','dsnj',7),(15,6,'2011-12-16','hdtq','nzjq',2),(16,1,'1995-09-09','scml','bsaj',3),(17,8,'1991-12-11','klrh','jvah',7),(18,10,'1996-09-05','bsht','ijut',6),(19,7,'1983-06-24','lzpj','zehm',7),(20,6,'1988-07-08','gpog','aupm',7),(21,2,'2003-06-11','bsaj','jpee',5),(22,2,'2016-04-08','mvnt','zeka',2),(23,7,'1981-12-25','nsrf','wkcf',3),(24,10,'1985-05-13','zeka','svmz',10),(25,4,'2013-12-17','lzpj','yovf',3),(26,8,'2010-04-20','nzjq','hmgr',8),(27,4,'2022-04-01','jvah','lkqq',7),(28,5,'1990-01-19','zeka','nrpy',2),(29,8,'2005-02-22','inxd','pqgo',1),(30,6,'2000-10-26','vqch','ceht',10),(31,6,'2000-05-04','rwxp','jpee',10),(32,8,'2015-01-22','owoc','tlcz',3),(33,0,'2022-08-01','kqbv','lhls',3),(34,0,'1984-09-22','svmz','lwwi',7),(35,7,'2011-02-04','kamt','zatk',4),(36,1,'2019-06-08','telg','ordr',8),(37,7,'2007-03-26','isrg','ovos',8),(38,2,'2001-04-03','vqch','pqgo',6),(39,10,'2008-12-23','lusu','zzkm',9),(40,8,'2019-11-25','yliz','ypiz',3),(41,1,'1975-05-09','ceht','rwxp',9),(42,5,'1985-01-17','fybt','rphd',9),(43,10,'2019-02-21','nwtz','mqpr',7),(44,2,'1983-05-02','tygy','lwwi',6),(45,7,'2005-01-31','gtky','zzkm',7),(46,8,'2006-09-05','kida','kqhl',10),(47,6,'1984-09-28','xzsk','wkcf',1),(48,9,'2012-01-29','lynd','scml',8),(49,5,'2017-06-01','yovf','zeka',1),(50,1,'2005-08-18','lusu','vvou',7),(51,1,'1975-10-24','tfqf','rnic',6),(52,0,'1993-10-09','owoc','tlcz',3),(53,10,'1989-12-31','ypiz','zehm',4),(54,3,'2006-06-07','mgtp','inxd',5),(55,0,'2006-03-21','telg','mqpr',3),(56,8,'2015-01-12','biuw','fomu',9),(57,10,'2017-08-16','nwtz','ewez',9),(58,4,'2005-04-14','gtky','ijut',8),(59,10,'1975-06-19','afhz','lkqq',7),(60,4,'2014-03-31','xzsk','hdtq',2),(61,2,'2008-05-24','viql','ipcz',4),(62,8,'2002-09-12','qbbe','ijss',5),(63,7,'1979-01-04','kabp','rnic',4),(64,3,'2022-06-03','nwnk','lhls',4),(65,8,'1987-01-15','kida','ijss',5),(66,2,'2003-03-30','rean','dsnj',1),(67,2,'2008-01-26','tfqf','vntu',7),(68,9,'1975-02-03','vgfu','qbbe',9),(69,3,'1973-09-04','nsjw','cmqv',10),(70,7,'2017-10-27','ijut','vqch',6),(71,10,'1993-01-15','xutp','zehm',2),(72,0,'1993-10-28','mqpr','lhls',7),(73,6,'1970-11-16','telg','zatk',7),(74,7,'1974-11-02','dobm','ufjx',6),(75,7,'1981-09-16','ijut','utne',1),(76,4,'2022-05-13','lhls','ibrl',6),(77,3,'2005-07-22','bjsr','rwhh',4),(78,5,'1977-12-29','lhls','qbbe',5),(79,9,'1991-05-23','zatk','vqch',3),(80,9,'1979-02-10','kqbv','owgx',7),(81,7,'2011-02-19','utne','wkcf',4),(82,7,'2011-02-11','bsaj','veqd',8),(83,3,'1982-10-05','iozf','fybt',3),(84,5,'1990-05-07','kida','afhz',4),(85,3,'1994-04-15','bjsr','ovos',1),(86,6,'2012-12-17','tmvr','gpog',6),(87,3,'2015-05-20','owgx','yliz',10),(88,0,'2000-05-23','ypiz','plfc',9),(89,6,'1979-03-09','bsaj','zatk',5),(90,3,'1974-08-02','kamt','iozf',4),(91,1,'2001-11-22','xutp','zatk',4),(92,6,'1987-03-15','nsjw','xsee',3),(93,8,'1984-07-21','jpee','bsht',7),(94,7,'1992-06-19','biuw','ufjx',9),(95,8,'1985-04-18','vleu','fomu',3),(96,9,'2000-02-25','ufjx','rwxp',4),(97,7,'1973-01-21','rwhh','vqch',5),(98,1,'1976-01-25','kcze','nwnk',4),(99,3,'2011-09-27','nsrf','tlcz',4),(100,5,'2015-09-25','zeka','lzpj',5),(101,6,'2000-01-26','tlcz','zatk',9),(102,4,'2001-11-03','rphd','lwwi',2),(103,7,'1976-02-10','axns','jvah',8),(104,6,'1992-04-12','rwhh','lwwi',2),(105,0,'2006-06-17','axns','lynd',4),(106,5,'2011-03-15','nwnk','kida',1),(107,4,'2015-02-18','nrpy','wkcf',2),(108,3,'1972-08-08','lusu','owgx',9),(109,6,'1994-07-23','dobm','yliz',8),(110,9,'1998-08-06','btms','zehm',4),(111,10,'1991-12-06','jpee','ypiz',5),(112,1,'2003-05-07','lynd','yovf',9),(113,9,'2017-09-11','laiw','nsjw',1),(114,0,'1984-11-20','ofnf','dobm',4),(115,4,'1988-06-01','tfqf','zzkm',5),(116,0,'1981-04-25','kcze','scml',4),(117,3,'1993-06-04','tmvr','nwnk',4),(118,7,'2002-02-11','bsaj','xzsk',10),(119,2,'2002-06-03','ewez','nlqf',3),(120,4,'1973-06-10','lusu','owoc',6),(121,6,'1985-08-08','nrpy','isrg',9),(122,6,'2002-09-17','zehm','hmgr',5),(123,9,'2012-07-09','owgx','lwwi',2),(124,6,'1986-02-05','laiw','bsht',3),(125,5,'1979-05-04','pqgo','nsrf',7),(126,6,'2019-04-12','lzpj','fybt',7),(127,2,'2002-10-04','ibrl','kcze',3),(128,5,'2019-10-16','vvou','telg',3),(129,0,'2010-08-15','qbbe','jpee',10),(130,6,'1979-07-22','kqbv','bsaj',3),(131,5,'2016-01-31','telg','ceht',4),(132,0,'1975-06-06','svmz','ibrl',3),(133,4,'1995-06-06','xsee','telg',8),(134,3,'2019-09-09','axns','gyok',10),(135,5,'1970-04-01','kabp','rrwg',5),(136,4,'2007-07-16','xutp','ijss',7),(137,10,'2016-03-09','xsee','tmvr',10),(138,8,'1974-09-20','qtup','ipcz',9),(139,1,'2004-11-08','owoc','nsrf',9),(140,6,'2006-05-18','mgtp','tlcz',6),(141,0,'1996-08-08','nsjw','hmgr',10),(142,9,'2007-01-03','owgx','nwtz',8),(143,2,'2008-04-12','nsrf','btms',9),(144,2,'1976-02-01','viql','zgqd',1),(145,10,'2017-05-09','vgfu','rwhh',1),(146,3,'2021-11-03','vgfu','nrpy',3),(147,5,'1997-07-28','aupm','fybt',2),(148,3,'2019-12-04','xzsk','isrg',7),(149,0,'2014-11-20','yyop','kida',9),(150,2,'1994-12-20','owgx','wkcf',9),(151,5,'1989-12-14','vleu','kqbv',3),(152,0,'1999-12-20','zatk','xsee',3),(153,8,'2019-01-11','rrwg','aupm',8),(154,9,'1997-01-10','rwhh','axns',2),(155,10,'1980-01-27','klrh','xzsk',7),(156,8,'1995-05-28','xzsk','fybt',1),(157,7,'1975-09-15','viql','xutp',4),(158,9,'1978-10-14','plfc','btms',4),(159,7,'2004-03-26','mhax','scml',10),(160,1,'1971-01-05','rnic','rrwg',9),(161,1,'1984-09-12','vleu','zeka',4),(162,4,'1984-10-02','nsjw','biuw',7),(163,10,'2003-03-14','scml','klrh',3),(164,9,'2021-07-25','bsaj','rrwg',6),(165,5,'2002-06-26','wkcf','gyok',4),(166,5,'1974-04-18','rrwg','rphd',1),(167,2,'1989-10-25','zeka','xutp',1),(168,6,'2016-07-29','zgqd','ipcz',8),(169,6,'1982-01-14','ordr','ceht',1),(170,8,'1988-03-16','bjsr','laiw',2),(171,4,'2016-02-16','zzkm','jpee',2),(172,1,'1979-04-13','isrg','vqch',10),(173,0,'2006-04-12','isrg','nzjq',3),(174,4,'2019-09-17','tlcz','scml',7),(175,3,'1992-10-03','xzsk','nnpx',2),(176,1,'1980-02-19','hmgr','ibrl',7),(177,2,'1976-12-31','biuw','nwtz',3),(178,3,'1974-12-17','nwnk','ijss',8),(179,7,'1999-03-07','ceht','yyop',9),(180,5,'2006-12-02','zzkm','afhz',10),(181,2,'1993-11-24','zehm','aupm',10),(182,5,'2021-07-10','gyok','fybt',6),(183,7,'1974-10-14','svmz','plfc',5),(184,4,'2023-07-08','ewez','owgx',6),(185,6,'1970-12-10','xsee','yovf',9),(186,3,'1990-02-21','qtup','utne',1),(187,4,'1995-07-13','btms','nzjq',7),(188,10,'1996-01-27','plfc','lkqq',8),(189,4,'1994-12-31','mhax','vntu',7),(190,0,'2003-02-06','laiw','rwhh',3),(191,10,'1970-04-22','nrpy','mgtp',3),(192,7,'1995-05-22','zatk','mqpr',10),(193,10,'2022-02-19','nwnk','lwwi',1),(194,10,'1991-06-08','vvou','owoc',8),(195,7,'1995-06-08','bsaj','plfc',5),(196,8,'1988-11-23','bsaj','kcze',10),(197,8,'1975-02-06','owoc','nsjw',10),(198,1,'2019-04-25','owgx','rrwg',5),(199,7,'2020-10-07','lzpj','kamt',5),(200,7,'1992-08-03','qtup','fomu',10);
/*!40000 ALTER TABLE `Voo` ENABLE KEYS */;
UNLOCK TABLES;
/*!40103 SET TIME_ZONE=@OLD_TIME_ZONE */;

/*!40101 SET SQL_MODE=@OLD_SQL_MODE */;
/*!40014 SET FOREIGN_KEY_CHECKS=@OLD_FOREIGN_KEY_CHECKS */;
/*!40014 SET UNIQUE_CHECKS=@OLD_UNIQUE_CHECKS */;
/*!40101 SET CHARACTER_SET_CLIENT=@OLD_CHARACTER_SET_CLIENT */;
/*!40101 SET CHARACTER_SET_RESULTS=@OLD_CHARACTER_SET_RESULTS */;
/*!40101 SET COLLATION_CONNECTION=@OLD_COLLATION_CONNECTION */;
/*!40111 SET SQL_NOTES=@OLD_SQL_NOTES */;

-- Dump completed on 2023-12-03 21:06:27
